arm,mode,seeds,dice_mean,precision_mean,recall_mean,dice_sd,precision_sd,recall_sd
10 hardneg+patch768+no-cldice,fixed,3,0.7043712934053289,0.7185358549699012,0.6922775508262795,0.006025316888853779,0.032462921880109324,0.026243830853605835
11 hardneg+patch768+no-cldice+50nm,fixed,3,0.7007593281179695,0.7438471208654769,0.6629301878118193,0.01809812097775483,0.032799241813711875,0.017783388267040498
07 hardneg+patch768,fixed,3,0.6976427184667054,0.7590655234145695,0.6458133866883272,0.00432454133710699,0.017252177935371812,0.015237279432464394
09 patch768+no-cldice,fixed,3,0.6946553941595245,0.7432994952388013,0.6520974074563485,0.008614821608327959,0.01393611896994544,0.010087221389107323
08 hardneg+no-cldice,fixed,3,0.6880785330412786,0.7498577269486434,0.6364125548541169,0.013208003582619011,0.038177396254140857,0.0060411895793072564
04 sampling-hardneg,fixed,3,0.68597212584507,0.7308694391917374,0.6462985242252581,0.01383479980153077,0.01852393276799971,0.010478312154012744
06 patch-768,fixed,3,0.6840159606842509,0.7282498523061013,0.6454139133202905,0.012813872527355894,0.02206278961691398,0.02237844784744113
03 loss-no-cldice,fixed,3,0.6703890275061077,0.7448889035106884,0.6096568244751975,0.01858145777701868,0.007432399260297553,0.026279062610302616
02 data-50nm,fixed,3,0.6690367458490939,0.6818413189610159,0.6567150416416087,0.004582090057398748,0.006995459886947015,0.00255147141218688
00 baseline,fixed,3,0.6671857826395433,0.714244526611527,0.6264091688224568,0.009874077830719571,0.028813307688992845,0.006920379561355163
01 loss-balanced,fixed,3,0.6596154428924468,0.7066096819382937,0.6195604266129645,0.018365651688656913,0.027766108974698812,0.031607347657486996
05 tiles-keep-all-empty,fixed,3,0.6470348976888621,0.7218745588588105,0.5863109739043149,0.035999852297346556,0.033147613928589136,0.03721303307211127
10 hardneg+patch768+no-cldice,fixed-untuned,3,0.7058615474874976,0.7082015951011388,0.7036542658999574,0.005963010671073133,0.0021487697588533764,0.013841122139890971
07 hardneg+patch768,fixed-untuned,3,0.7010013756114825,0.7146392042794908,0.6883842224436325,0.0033528603569840175,0.019751026865918064,0.014241431457543072
11 hardneg+patch768+no-cldice+50nm,fixed-untuned,3,0.6938127039153965,0.6889540866602651,0.6990936150486715,0.016493525352946608,0.023571767064883693,0.018623244245752842
09 patch768+no-cldice,fixed-untuned,3,0.6894311645672291,0.6677160143515621,0.7152519648036452,0.01585730420001138,0.049375715346456225,0.022128949973888156
08 hardneg+no-cldice,fixed-untuned,3,0.6892279044303852,0.6990161252442926,0.6800144683268207,0.016418755040346563,0.027613073320869725,0.011413992411863269
04 sampling-hardneg,fixed-untuned,3,0.6835013920056155,0.6862005144187657,0.6812666649912146,0.010697056045787419,0.018435172978751795,0.018639743761817294
06 patch-768,fixed-untuned,3,0.680969924801047,0.6538763860099469,0.7104917933996419,0.013509316761997497,0.018747890894162043,0.0072371869807078
03 loss-no-cldice,fixed-untuned,3,0.6706312401696289,0.6376865932861636,0.7074050458627571,0.013357974415665136,0.021607859233455085,0.006601846571141307
00 baseline,fixed-untuned,3,0.6659757372451317,0.640266702718696,0.6943085617958871,0.010347332531888884,0.004016357677772399,0.026965288126293684
05 tiles-keep-all-empty,fixed-untuned,3,0.6555273801317493,0.6736159596831554,0.6384746427304211,0.03079736693754059,0.038785363819419515,0.02357198518383938
01 loss-balanced,fixed-untuned,3,0.6544603328797728,0.6179203799923275,0.6955939972387478,0.01736928156782723,0.016572950810619963,0.018256331025256214
02 data-50nm,fixed-untuned,3,0.6398356756206208,0.5588884276482896,0.7495662182700658,0.015008115814024444,0.029166945155865102,0.012537934776332712
10 hardneg+patch768+no-cldice,hysteresis,3,0.7249403804432312,0.7503397984896981,0.7024854364157016,0.0018606683375879858,0.03053244867095158,0.024369807003727366
09 patch768+no-cldice,hysteresis,3,0.7113655036202782,0.7510719924349988,0.6761035747360409,0.005229968192481213,0.023762502015264694,0.010237662344863487
08 hardneg+no-cldice,hysteresis,3,0.7097593808377983,0.7623123581498747,0.6644662189970685,0.007132560243629853,0.02575135191817243,0.010942861430513637
07 hardneg+patch768,hysteresis,3,0.7085891297581769,0.7334535121146576,0.6858201074071927,0.004336923705671812,0.02134048895212715,0.011621296575081404
04 sampling-hardneg,hysteresis,3,0.7083727575911872,0.7536966499999735,0.6682752343806776,0.012952737684543721,0.021778094024806384,0.005919485780723486
11 hardneg+patch768+no-cldice+50nm,hysteresis,3,0.7069100559715742,0.7403347255637126,0.6769923940493783,0.010451258361714138,0.03162810368776188,0.008025170060895103
03 loss-no-cldice,hysteresis,3,0.7010010203880174,0.7623520219931499,0.6519649928104239,0.0030120166235693344,0.04997912924503793,0.039614126862228864
06 patch-768,hysteresis,3,0.6965069020870942,0.7360857930486452,0.661307791899303,0.01928244232255444,0.034575657475987426,0.009584558680396187
02 data-50nm,hysteresis,3,0.6877187186056538,0.6983380888156879,0.6777743253838951,0.006036869054192122,0.019891053744368,0.008747029368941815
01 loss-balanced,hysteresis,3,0.6813904187828687,0.7273333706107356,0.6426117221551578,0.036745867921655725,0.029484217160678616,0.057704316893809976
05 tiles-keep-all-empty,hysteresis,3,0.6729771612796255,0.7480625487035327,0.6125729868177153,0.02576875052360669,0.058584905959785556,0.003243066318004135
00 baseline,hysteresis,3,0.6677017859705664,0.727788471410129,0.618002527768566,0.04171818841574525,0.01921804453387567,0.059793716999274514
02 data-50nm,ridge,3,0.3664618943258846,0.4001659247841552,0.3388115169946269,0.010203176532560804,0.017150018480895673,0.02051121840499463
05 tiles-keep-all-empty,ridge,3,0.28429894329672584,0.4469510443683992,0.20902928714710442,0.019163725974024715,0.035252231688217485,0.01855955167204094
06 patch-768,ridge,3,0.2815621720232637,0.45774388359944784,0.2034222024771263,0.005721502549995881,0.025211592088965278,0.001991931436701545
01 loss-balanced,ridge,3,0.2812521564248542,0.4347506231567737,0.2079830763273145,0.001855113571821998,0.01818274345565271,0.002151806731965989
04 sampling-hardneg,ridge,3,0.2796169860582436,0.45725766310000493,0.20153927972377725,0.0013882759865658121,0.017686836211552058,0.00468696692935823
00 baseline,ridge,3,0.2762783551892079,0.4350343542897379,0.20241335150386516,0.005148193020143492,0.006897110664484803,0.00403879418809655
03 loss-no-cldice,ridge,3,0.2754984487796212,0.42261829237476567,0.20499955816745655,0.0034923724092107713,0.039554093809885636,0.005438442595894995
