mode,arm,seeds_A,seeds_B,metric,A,B,B-A,ci_low,ci_high,boot_P(B-A<=0),images_B_better,n
fixed-untuned,01 loss-balanced,3,3,mean dice,0.6284258113721298,0.6179828032067074,-0.01044300816542227,-0.020551166577786103,-0.000869533179963746,0.9846,20.0,45
fixed-untuned,01 loss-balanced,3,3,mean precision,0.6096350716743827,0.6011294653839572,-0.008505606290425441,-0.021314147873350828,0.003864764710752369,0.902,24.0,45
fixed-untuned,01 loss-balanced,3,3,mean recall,0.7268062547482657,0.7228891768997872,-0.003917077848478589,-0.012594614621157055,0.005386772018786116,0.7988,16.0,45
fixed-untuned,01 loss-balanced,3,3,pooled dice,0.6661341083721236,0.6544569330788732,-0.011677175293250297,-0.021690626235829857,-0.002266081839210126,0.9936,,45
fixed-untuned,02 data-50nm,3,3,mean dice,0.6284258113721298,0.6306680175783504,0.002242206206220695,-0.01815127088611778,0.024135743763417553,0.4314,20.0,45
fixed-untuned,02 data-50nm,3,3,mean precision,0.6096350716743827,0.59384240942545,-0.01579266224893268,-0.03572602681366152,0.00535449573084591,0.9348,11.0,45
fixed-untuned,02 data-50nm,3,3,mean recall,0.7268062547482657,0.7654030104040787,0.03859675565581273,0.009560052017814555,0.0693071033621966,0.0048,32.0,45
fixed-untuned,02 data-50nm,3,3,pooled dice,0.6661341083721236,0.6394311074835484,-0.02670300088857558,-0.07694503497450045,0.020846069810059736,0.8732,,45
fixed-untuned,03 loss-no-cldice,3,3,mean dice,0.6284258113721298,0.6229764576403867,-0.005449353731742958,-0.022178135003601836,0.007470920071442276,0.7506,23.0,45
fixed-untuned,03 loss-no-cldice,3,3,mean precision,0.6096350716743827,0.608999273896059,-0.0006357977783236435,-0.019042551129484196,0.014340125558279779,0.5018,31.0,45
fixed-untuned,03 loss-no-cldice,3,3,mean recall,0.7268062547482657,0.7260279308891998,-0.00077832385906607,-0.013606334412986917,0.012257412505086253,0.539,21.0,45
fixed-untuned,03 loss-no-cldice,3,3,pooled dice,0.6661341083721236,0.6705037543980392,0.004369646025915719,-0.008856854941129083,0.015975335609515178,0.251,,45
fixed-untuned,04 sampling-hardneg,3,3,mean dice,0.6284258113721298,0.6402326910671976,0.011806879695067956,-0.0007719748179615919,0.02438630872225104,0.033,28.0,45
fixed-untuned,04 sampling-hardneg,3,3,mean precision,0.6096350716743827,0.6371304756161879,0.027495403941805142,0.011860729311112561,0.043853757501739796,0.0002,27.0,45
fixed-untuned,04 sampling-hardneg,3,3,mean recall,0.7268062547482657,0.7127044406106151,-0.014101814137650635,-0.02971895743437571,-0.0013947723300352579,0.9884,18.0,45
fixed-untuned,04 sampling-hardneg,3,3,pooled dice,0.6661341083721236,0.6835066958448713,0.017372587472747725,0.0038175356406396272,0.030045458570990936,0.007,,45
fixed-untuned,05 tiles-keep-all-empty,3,3,mean dice,0.6284258113721298,0.6248134800678536,-0.0036123313042759927,-0.021605186208466024,0.015371818551955765,0.6528,23.0,45
fixed-untuned,05 tiles-keep-all-empty,3,3,mean precision,0.6096350716743827,0.6433141685614703,0.03367909688708737,0.015919196720462662,0.054490312043514656,0.0,34.0,45
fixed-untuned,05 tiles-keep-all-empty,3,3,mean recall,0.7268062547482657,0.6864165842367058,-0.04038967051155984,-0.0631709213891187,-0.020136267888901212,1.0,12.0,45
fixed-untuned,05 tiles-keep-all-empty,3,3,pooled dice,0.6661341083721236,0.6553186750581976,-0.01081543331392587,-0.03256479677395611,0.007266767163378619,0.8614,,45
fixed-untuned,06 patch-768,3,3,mean dice,0.6284258113721298,0.6305917729259919,0.002165961553862239,-0.016643553977314735,0.01907462778427534,0.377,26.0,45
fixed-untuned,06 patch-768,3,3,mean precision,0.6096350716743827,0.613043738600791,0.0034086669264083045,-0.01761909557680485,0.021299886579712306,0.3452,26.0,45
fixed-untuned,06 patch-768,3,3,mean recall,0.7268062547482657,0.7301603329377037,0.0033540781894378867,-0.011776417745320232,0.019840052129732357,0.3224,23.0,45
fixed-untuned,06 patch-768,3,3,pooled dice,0.6661341083721236,0.6808817836791137,0.01474767530699006,-0.0021759003853107223,0.02960126396464291,0.0412,,45
fixed-untuned,07 hardneg+patch768,3,3,mean dice,0.6284258113721298,0.6574112961782803,0.0289854848061506,0.011853507504670988,0.048071143112290646,0.0004,31.0,45
fixed-untuned,07 hardneg+patch768,3,3,mean precision,0.6096350716743827,0.6695969514286207,0.05996187975423795,0.038716005753777594,0.08149890033311871,0.0,37.0,45
fixed-untuned,07 hardneg+patch768,3,3,mean recall,0.7268062547482657,0.7081664875763157,-0.018639767171949994,-0.04064952522333301,0.006108117300696726,0.9386,17.0,45
fixed-untuned,07 hardneg+patch768,3,3,pooled dice,0.6661341083721236,0.7009683959509652,0.03483428757884155,0.014120832864544113,0.05565687684768973,0.0002,,45
fixed-untuned,08 hardneg+no-cldice,3,3,mean dice,0.6284258113721298,0.6467923908089608,0.01836657943683105,0.006920901512647431,0.029749695460909952,0.0008,28.0,45
fixed-untuned,08 hardneg+no-cldice,3,3,mean precision,0.6096350716743827,0.6500013114629704,0.04036623978858768,0.025798604565630403,0.05568504893577199,0.0,32.0,45
fixed-untuned,08 hardneg+no-cldice,3,3,mean recall,0.7268062547482657,0.7124301290503671,-0.014376125697898626,-0.027058772090386585,-0.0016251640378117031,0.9848,17.0,45
fixed-untuned,08 hardneg+no-cldice,3,3,pooled dice,0.6661341083721236,0.6890859981628145,0.02295188979069085,0.009819808163198815,0.03501031768505324,0.0006,,45
fixed-untuned,09 patch768+no-cldice,3,3,mean dice,0.6284258113721298,0.6478959595931375,0.01947014822100783,0.0036433171970335974,0.03556981375196668,0.0084,32.0,45
fixed-untuned,09 patch768+no-cldice,3,3,mean precision,0.6096350716743827,0.6410157971204211,0.03138072544603835,0.013684603798815469,0.047803783341926524,0.0008,38.0,45
fixed-untuned,09 patch768+no-cldice,3,3,mean recall,0.7268062547482657,0.7253353069826203,-0.0014709477656456756,-0.0182806920563697,0.01704754957353277,0.5598,22.0,45
fixed-untuned,09 patch768+no-cldice,3,3,pooled dice,0.6661341083721236,0.6888998487493705,0.02276574037724699,0.006949962693406175,0.037768966032977774,0.0032,,45
fixed-untuned,10 hardneg+patch768+no-cldice,3,3,mean dice,0.6284258113721298,0.657820847334267,0.029395035962137352,0.013471442677082023,0.04541240323984768,0.0,31.0,45
fixed-untuned,10 hardneg+patch768+no-cldice,3,3,mean precision,0.6096350716743827,0.6605609824107112,0.05092591073632851,0.03313658235386368,0.06884589573811069,0.0,38.0,45
fixed-untuned,10 hardneg+patch768+no-cldice,3,3,mean recall,0.7268062547482657,0.7161389968870429,-0.01066725786122288,-0.030495815531107758,0.008595499510062929,0.857,17.0,45
fixed-untuned,10 hardneg+patch768+no-cldice,3,3,pooled dice,0.6661341083721236,0.7059057312114669,0.039771622839343324,0.02116993356077095,0.05912534073936193,0.0,,45
fixed-untuned,11 hardneg+patch768+no-cldice+50nm,3,3,mean dice,0.6284258113721298,0.6701721540211715,0.04174634264904181,0.01885995127034177,0.06464650718218022,0.0,35.0,45
fixed-untuned,11 hardneg+patch768+no-cldice+50nm,3,3,mean precision,0.6096350716743827,0.6801409562193269,0.07050588454494415,0.046290784936391584,0.09469248975153048,0.0,36.0,45
fixed-untuned,11 hardneg+patch768+no-cldice+50nm,3,3,mean recall,0.7268062547482657,0.7146930021472095,-0.012113252601056241,-0.038190552355347705,0.015799768371639412,0.8156,15.0,45
fixed-untuned,11 hardneg+patch768+no-cldice+50nm,3,3,pooled dice,0.6661341083721236,0.6937587155785275,0.02762460720640325,-0.01382747332344295,0.0707960594721652,0.1036,,45
fixed,01 loss-balanced,3,3,mean dice,0.6341197947186743,0.6254308730552072,-0.008688921663466978,-0.018422799250106776,0.0005073609306900155,0.9684,18.0,45
fixed,01 loss-balanced,3,3,mean precision,0.672267658883044,0.6679012814703976,-0.0043663774126465275,-0.018489555521166653,0.007491043643663186,0.7306,24.0,45
fixed,01 loss-balanced,3,3,mean recall,0.6578038035601509,0.6496573603908439,-0.008146443169306888,-0.020100331971045497,0.0046709957644449785,0.893,15.0,45
fixed,01 loss-balanced,3,3,pooled dice,0.6670508594121455,0.6597560354894749,-0.007294823922670557,-0.016385953371597716,0.0021884180522315426,0.9382,,45
fixed,02 data-50nm,3,3,mean dice,0.6341197947186743,0.6423636345095153,0.0082438397908411,-0.011395724952419502,0.029750945798568736,0.2178,21.0,45
fixed,02 data-50nm,3,3,mean precision,0.672267658883044,0.6810728278998422,0.008805169016798186,-0.0035927383334945907,0.022161475999724692,0.0848,26.0,45
fixed,02 data-50nm,3,3,mean recall,0.6578038035601509,0.6623775287547159,0.004573725194565114,-0.02704105125963549,0.03830940953738687,0.3956,17.0,45
fixed,02 data-50nm,3,3,pooled dice,0.6670508594121455,0.6690269128990554,0.001976053486909324,-0.042881415848946856,0.04590250723005013,0.5002,,45
fixed,03 loss-no-cldice,3,3,mean dice,0.6341197947186743,0.629161604114433,-0.004958190604241093,-0.017587133121413724,0.006859730142122269,0.7738,23.0,45
fixed,03 loss-no-cldice,3,3,mean precision,0.672267658883044,0.6939861911249061,0.021718532241862088,0.00830172920079769,0.03389294671525265,0.0012,37.0,45
fixed,03 loss-no-cldice,3,3,mean recall,0.6578038035601509,0.6256985285694795,-0.032105274990671284,-0.05088812779890774,-0.015068899626551186,1.0,10.0,45
fixed,03 loss-no-cldice,3,3,pooled dice,0.6670508594121455,0.6705783656877301,0.0035275062755846243,-0.011317583985826035,0.01583817319968941,0.3064,,45
fixed,04 sampling-hardneg,3,3,mean dice,0.6341197947186743,0.6448234937390515,0.010703699020377344,-0.0028226227262275086,0.022783433575083344,0.0592,29.0,45
fixed,04 sampling-hardneg,3,3,mean precision,0.672267658883044,0.681157652319105,0.008889993436060858,-0.00876102127037336,0.02786501966924566,0.184,18.0,45
fixed,04 sampling-hardneg,3,3,mean recall,0.6578038035601509,0.6739198390145767,0.016116035454425984,-0.0012496652427952015,0.03271746637433341,0.0342,33.0,45
fixed,04 sampling-hardneg,3,3,pooled dice,0.6670508594121455,0.6859329897491178,0.01888213033697228,0.005698763486732072,0.03201066461468118,0.003,,45
fixed,05 tiles-keep-all-empty,3,3,mean dice,0.6341197947186743,0.6220610654896503,-0.012058729229023828,-0.03219256956464688,0.009083450785934833,0.871,17.0,45
fixed,05 tiles-keep-all-empty,3,3,mean precision,0.672267658883044,0.6917556185866489,0.019487959703604847,0.0003821878416996468,0.04148978250035791,0.0228,22.0,45
fixed,05 tiles-keep-all-empty,3,3,mean recall,0.6578038035601509,0.6347016588884681,-0.023102144671682708,-0.04344349644913411,-0.003316087230604386,0.989,19.0,45
fixed,05 tiles-keep-all-empty,3,3,pooled dice,0.6670508594121455,0.6472273515084079,-0.019823507903737547,-0.04379782713602135,-0.0010682483893329007,0.9834,,45
fixed,06 patch-768,3,3,mean dice,0.6341197947186743,0.6409145669409878,0.006794772222313643,-0.0054664375770413715,0.02034557137725192,0.1442,26.0,45
fixed,06 patch-768,3,3,mean precision,0.672267658883044,0.6816914419753233,0.009423783092279116,-0.005034622738381165,0.022620288069639238,0.0952,28.0,45
fixed,06 patch-768,3,3,mean recall,0.6578038035601509,0.6583839948627497,0.0005801913025989394,-0.01791082280399599,0.02031759972169338,0.455,24.0,45
fixed,06 patch-768,3,3,pooled dice,0.6670508594121455,0.6840674039260479,0.017016544513902443,0.0020838534012209975,0.030345247103633538,0.0144,,45
fixed,07 hardneg+patch768,3,3,mean dice,0.6341197947186743,0.6566485161930359,0.022528721474361788,0.004710603568732289,0.04214705006856616,0.007,29.0,45
fixed,07 hardneg+patch768,3,3,mean precision,0.672267658883044,0.7093624417330657,0.037094782850021615,0.018218656854574057,0.057813739104098004,0.0,30.0,45
fixed,07 hardneg+patch768,3,3,mean recall,0.6578038035601509,0.6621030303919522,0.00429922683180145,-0.02162077386544903,0.03570279358590098,0.3998,25.0,45
fixed,07 hardneg+patch768,3,3,pooled dice,0.6670508594121455,0.6976666467788376,0.030615787366692127,0.01384612370655326,0.04546215477706204,0.0004,,45
fixed,08 hardneg+no-cldice,3,3,mean dice,0.6341197947186743,0.6486013098639994,0.014481515145325287,0.001850087840396179,0.027450305525217725,0.014,29.0,45
fixed,08 hardneg+no-cldice,3,3,mean precision,0.672267658883044,0.6940911015572618,0.02182344267421782,0.00738345286875456,0.0359936238120143,0.0008,28.0,45
fixed,08 hardneg+no-cldice,3,3,mean recall,0.6578038035601509,0.6637978518639517,0.005994048303800893,-0.006527915223992813,0.019138326076182835,0.1772,25.0,45
fixed,08 hardneg+no-cldice,3,3,pooled dice,0.6670508594121455,0.6878316610029893,0.020780801590843834,0.007276815737336626,0.03381702789972596,0.0022,,45
fixed,09 patch768+no-cldice,3,3,mean dice,0.6341197947186743,0.6555709192043335,0.021451124485659348,0.005625908548829497,0.03826338592129964,0.0028,32.0,45
fixed,09 patch768+no-cldice,3,3,mean precision,0.672267658883044,0.7031659022996075,0.03089824341656329,0.014923443611552492,0.0483976525376279,0.0,37.0,45
fixed,09 patch768+no-cldice,3,3,mean recall,0.6578038035601509,0.6577352003595082,-6.860320064263625e-05,-0.021228688006649284,0.02128583736809084,0.489,27.0,45
fixed,09 patch768+no-cldice,3,3,pooled dice,0.6670508594121455,0.6946476616320748,0.02759680221992933,0.012560969820653311,0.04111303020709047,0.0008,,45
fixed,10 hardneg+patch768+no-cldice,3,3,mean dice,0.6341197947186743,0.6565292832424766,0.022409488523802527,0.006632498807584815,0.03871572295832851,0.0038,34.0,45
fixed,10 hardneg+patch768+no-cldice,3,3,mean precision,0.672267658883044,0.6692684505223595,-0.002999208360684612,-0.016568591660911503,0.010133149791402358,0.668,24.0,45
fixed,10 hardneg+patch768+no-cldice,3,3,mean recall,0.6578038035601509,0.7023511942147943,0.04454739065464365,0.023609021192263376,0.06710817986883928,0.0,30.0,45
fixed,10 hardneg+patch768+no-cldice,3,3,pooled dice,0.6670508594121455,0.704310289337739,0.03725942992559339,0.016440688553907616,0.059077433821487446,0.0002,,45
fixed,11 hardneg+patch768+no-cldice+50nm,3,3,mean dice,0.6341197947186743,0.6704966294897687,0.03637683477109459,0.01275830337508255,0.06153345233475502,0.0014,33.0,45
fixed,11 hardneg+patch768+no-cldice+50nm,3,3,mean precision,0.672267658883044,0.729328295968861,0.0570606370858168,0.03300756616903792,0.08109348823287141,0.0,34.0,45
fixed,11 hardneg+patch768+no-cldice+50nm,3,3,mean recall,0.6578038035601509,0.6686328363351144,0.010829032774963672,-0.01803823104635299,0.04295275737510995,0.245,21.0,45
fixed,11 hardneg+patch768+no-cldice+50nm,3,3,pooled dice,0.6670508594121455,0.7006357873600045,0.03358492794785828,-0.007949870566696505,0.07655493390001084,0.0624,,45
hysteresis,01 loss-balanced,3,3,mean dice,0.6126606748696837,0.6371197273933952,0.024459052523711507,-0.001663177252484397,0.05136950577078738,0.0334,29.0,45
hysteresis,01 loss-balanced,3,3,mean precision,0.6376100169410355,0.6639699124430397,0.02635989550200423,-7.416091480355499e-05,0.0524180304945946,0.0256,34.0,45
hysteresis,01 loss-balanced,3,3,mean recall,0.637569940700537,0.6489661784330175,0.011396237732480686,-0.01915310392108836,0.04333843949874033,0.2296,21.0,45
hysteresis,01 loss-balanced,3,3,pooled dice,0.668663055963871,0.6821365486351039,0.01347349267123299,-0.02485529121223434,0.05225555175146646,0.2532,,45
hysteresis,02 data-50nm,3,3,mean dice,0.6126606748696837,0.652041519719466,0.03938084484978243,0.01075579214275803,0.07700377484169767,0.002,28.0,45
hysteresis,02 data-50nm,3,3,mean precision,0.6376100169410355,0.6693997764716179,0.0317897595305823,0.004766637003336636,0.06477251763249729,0.0116,28.0,45
hysteresis,02 data-50nm,3,3,mean recall,0.637569940700537,0.678978522063583,0.04140858136304618,0.0008922559003868452,0.08690936268354556,0.0224,25.0,45
hysteresis,02 data-50nm,3,3,pooled dice,0.668663055963871,0.6876515547159847,0.01898849875211328,-0.0361773780956168,0.0823631313338741,0.275,,45
hysteresis,03 loss-no-cldice,3,3,mean dice,0.6126606748696837,0.6493115307089058,0.03665085583922207,0.010597689745723081,0.0683117544548503,0.0014,30.0,45
hysteresis,03 loss-no-cldice,3,3,mean precision,0.6376100169410355,0.7016945043304569,0.06408448738942135,0.03228726306731218,0.09993353778470229,0.0,40.0,45
hysteresis,03 loss-no-cldice,3,3,mean recall,0.637569940700537,0.6407141319678241,0.0031441912672871995,-0.025009105395387553,0.03557478791987946,0.4256,14.0,45
hysteresis,03 loss-no-cldice,3,3,pooled dice,0.668663055963871,0.7011146268795947,0.032451570915723704,-0.005322654122678507,0.07912947433213699,0.0604,,45
hysteresis,04 sampling-hardneg,3,3,mean dice,0.6126606748696837,0.6539986408281636,0.04133796595847999,0.018328476995194506,0.07000547400906483,0.0,33.0,45
hysteresis,04 sampling-hardneg,3,3,mean precision,0.6376100169410355,0.6856772955150997,0.04806727857406434,0.01665231632181508,0.08867288769444603,0.0002,31.0,45
hysteresis,04 sampling-hardneg,3,3,mean recall,0.637569940700537,0.6699609299384688,0.03239098923793174,0.010791893869486011,0.0576529102333714,0.0006,25.0,45
hysteresis,04 sampling-hardneg,3,3,pooled dice,0.668663055963871,0.7082911064545536,0.03962805049068274,0.011679848898392303,0.07647492727872406,0.0002,,45
hysteresis,05 tiles-keep-all-empty,3,3,mean dice,0.6126606748696837,0.6332703411249148,0.02060966625523108,-0.001812965244905602,0.045653935428273985,0.0402,26.0,45
hysteresis,05 tiles-keep-all-empty,3,3,mean precision,0.6376100169410355,0.6856052759428841,0.047995259001848666,0.028301941885620404,0.07322804940793733,0.0,40.0,45
hysteresis,05 tiles-keep-all-empty,3,3,mean recall,0.637569940700537,0.6391142616718318,0.0015443209712949731,-0.0279935245736715,0.03334508933281172,0.4658,18.0,45
hysteresis,05 tiles-keep-all-empty,3,3,pooled dice,0.668663055963871,0.6724085119358971,0.003745455972026135,-0.029843519679365507,0.04225274035378916,0.4292,,45
hysteresis,06 patch-768,3,3,mean dice,0.6126606748696837,0.6436307722866622,0.0309700974169786,0.007942444518475962,0.057429106704281696,0.0032,33.0,45
hysteresis,06 patch-768,3,3,mean precision,0.6376100169410355,0.6848283125931284,0.04721829565209292,0.012574893871871292,0.08606140755174338,0.0034,36.0,45
hysteresis,06 patch-768,3,3,mean recall,0.637569940700537,0.6574217766533738,0.01985183595283661,-0.008619018557659876,0.05080186710658241,0.08,23.0,45
hysteresis,06 patch-768,3,3,pooled dice,0.668663055963871,0.6962896730977293,0.02762661713385839,-0.0009294726860459201,0.06531072914301458,0.0314,,45
hysteresis,07 hardneg+patch768,3,3,mean dice,0.6126606748696837,0.6578260783691078,0.045165403499424155,0.01861677796832431,0.07878945024656242,0.0002,33.0,45
hysteresis,07 hardneg+patch768,3,3,mean precision,0.6376100169410355,0.6865628338383066,0.04895281689727123,0.018825985947883234,0.08360749245648111,0.0004,33.0,45
hysteresis,07 hardneg+patch768,3,3,mean recall,0.637569940700537,0.681392906127247,0.043822965426710055,0.002496044803352038,0.09756121678553661,0.0176,22.0,45
hysteresis,07 hardneg+patch768,3,3,pooled dice,0.668663055963871,0.7085291009899725,0.03986604502610158,0.0004223762456809281,0.0881342441502166,0.0234,,45
hysteresis,08 hardneg+no-cldice,3,3,mean dice,0.6126606748696837,0.660054760994262,0.04739408612457823,0.025386113516985605,0.07305795432365461,0.0,37.0,45
hysteresis,08 hardneg+no-cldice,3,3,mean precision,0.6376100169410355,0.6998298713579415,0.0622198544169061,0.034897948629325666,0.09643122620509112,0.0,41.0,45
hysteresis,08 hardneg+no-cldice,3,3,mean recall,0.637569940700537,0.6738290435111632,0.03625910281062636,0.010955598451390413,0.06802739571545845,0.0012,26.0,45
hysteresis,08 hardneg+no-cldice,3,3,pooled dice,0.668663055963871,0.7096801752311872,0.041017119267316327,0.012250409413889071,0.07711386673487074,0.0004,,45
hysteresis,09 patch768+no-cldice,3,3,mean dice,0.6126606748696837,0.6509051712503695,0.03824449638068593,0.009468717550140946,0.07040572734623851,0.0028,33.0,45
hysteresis,09 patch768+no-cldice,3,3,mean precision,0.6376100169410355,0.6967309749491106,0.059120958008075264,0.025780528490114873,0.0926853949622809,0.0002,37.0,45
hysteresis,09 patch768+no-cldice,3,3,mean recall,0.637569940700537,0.6491062755195539,0.011536334819016881,-0.023335238880580644,0.048192586202892844,0.2616,25.0,45
hysteresis,09 patch768+no-cldice,3,3,pooled dice,0.668663055963871,0.7112951494295756,0.042632093465704735,0.00953870916930043,0.08305459090619824,0.0036,,45
hysteresis,10 hardneg+patch768+no-cldice,3,3,mean dice,0.6126606748696837,0.6618741491078848,0.04921347423820113,0.022556011074164817,0.08282794713256852,0.0,34.0,45
hysteresis,10 hardneg+patch768+no-cldice,3,3,mean precision,0.6376100169410355,0.6912661752729503,0.0536561583319149,0.024008899027320084,0.0873330802862289,0.0002,37.0,45
hysteresis,10 hardneg+patch768+no-cldice,3,3,mean recall,0.637569940700537,0.6827158565926653,0.045145915892128484,0.014263181659417866,0.08181435401587567,0.0018,28.0,45
hysteresis,10 hardneg+patch768+no-cldice,3,3,pooled dice,0.668663055963871,0.7249200452833593,0.056256989319488415,0.01869694259259265,0.103560904273745,0.0,,45
hysteresis,11 hardneg+patch768+no-cldice+50nm,3,3,mean dice,0.6126606748696837,0.6705225595942484,0.05786188472456469,0.021520007312149,0.09966864946107465,0.0008,32.0,45
hysteresis,11 hardneg+patch768+no-cldice+50nm,3,3,mean precision,0.6376100169410355,0.6955827958692894,0.05797277892825393,0.019178294293646383,0.09575129662377001,0.0014,37.0,45
hysteresis,11 hardneg+patch768+no-cldice+50nm,3,3,mean recall,0.637569940700537,0.68538083869291,0.047810897992373175,0.004071920509241651,0.09904471338226449,0.0166,26.0,45
hysteresis,11 hardneg+patch768+no-cldice+50nm,3,3,pooled dice,0.668663055963871,0.7067387634213805,0.03807570745750888,-0.016126327440023847,0.10041470056623625,0.096,,45
ridge,01 loss-balanced,3,3,mean dice,0.28219123192887496,0.2889254606887381,0.006734228759863094,0.0015548936627040213,0.012364990948747118,0.0052,29.0,45
ridge,01 loss-balanced,3,3,mean precision,0.4443410700254449,0.4544441658725005,0.010103095847055587,-0.0006982844618677598,0.02183802863577236,0.0348,24.0,45
ridge,01 loss-balanced,3,3,mean recall,0.2763265109194756,0.29134767498148495,0.01502116406200935,0.009272770879960899,0.022084398845812217,0.0,36.0,45
ridge,01 loss-balanced,3,3,pooled dice,0.276282893499239,0.2812318295845811,0.004948936085342082,0.001588584832638259,0.008780063438635317,0.0018,,45
ridge,02 data-50nm,3,3,mean dice,0.28219123192887496,0.35317725686862694,0.07098602493975203,0.03785735258602854,0.10635921017519322,0.0,27.0,45
ridge,02 data-50nm,3,3,mean precision,0.4443410700254449,0.4566299546841623,0.01228888465871747,-0.018151264151864778,0.04153819982473212,0.2098,20.0,45
ridge,02 data-50nm,3,3,mean recall,0.2763265109194756,0.367525787086025,0.09119927616654941,0.05824393657828029,0.12739192843150798,0.0,31.0,45
ridge,02 data-50nm,3,3,pooled dice,0.276282893499239,0.36660299786864814,0.0903201043694088,0.039412292616360846,0.1363972629716668,0.0002,,45
ridge,03 loss-no-cldice,3,3,mean dice,0.28219123192887496,0.28018492733317474,-0.00200630459570031,-0.007622455985004786,0.0037130194325086124,0.758,21.0,45
ridge,03 loss-no-cldice,3,3,mean precision,0.4443410700254449,0.45425298786895874,0.00991191784351382,-0.006182200831096137,0.026651600890082807,0.1096,20.0,45
ridge,03 loss-no-cldice,3,3,mean recall,0.2763265109194756,0.27884401403358156,0.002517503114105999,-0.0024017393248667164,0.007830143236926022,0.1694,25.0,45
ridge,03 loss-no-cldice,3,3,pooled dice,0.276282893499239,0.2754077997271155,-0.0008750937721235252,-0.0053916816893369674,0.0032188124520732995,0.6572,,45
ridge,04 sampling-hardneg,3,3,mean dice,0.28219123192887496,0.28527601231697775,0.0030847803881027414,-0.0016749317768405166,0.008151164592434286,0.109,22.0,45
ridge,04 sampling-hardneg,3,3,mean precision,0.4443410700254449,0.4578712519433937,0.013530181917948771,0.00454735556346848,0.022060544573210997,0.003,32.0,45
ridge,04 sampling-hardneg,3,3,mean recall,0.2763265109194756,0.27448432067159145,-0.0018421902478841228,-0.005391216195673419,0.001453879880465876,0.848,20.0,45
ridge,04 sampling-hardneg,3,3,pooled dice,0.276282893499239,0.27963036302392935,0.0033474695246903385,0.0002533825302205438,0.0067640047945571645,0.0178,,45
ridge,05 tiles-keep-all-empty,3,3,mean dice,0.28219123192887496,0.2902855850258158,0.008094353096940815,0.0020818205556095144,0.01518895214300773,0.0032,31.0,45
ridge,05 tiles-keep-all-empty,3,3,mean precision,0.4443410700254449,0.46934985312539607,0.0250087830999511,0.012371452294044112,0.038853525375129955,0.0,35.0,45
ridge,05 tiles-keep-all-empty,3,3,mean recall,0.2763265109194756,0.2843177096886113,0.007991198769135777,0.003489162660291563,0.012649930698657077,0.0002,34.0,45
ridge,05 tiles-keep-all-empty,3,3,pooled dice,0.276282893499239,0.2844868137760788,0.008203920276839749,0.004323206046447423,0.012257293497302436,0.0,,45
ridge,06 patch-768,3,3,mean dice,0.28219123192887496,0.2872951824347133,0.005103950505838336,-0.0005264864004483785,0.010490941411371375,0.0366,30.0,45
ridge,06 patch-768,3,3,mean precision,0.4443410700254449,0.4583320916012086,0.013991021575763702,0.0010498930755775226,0.025656572218729808,0.0168,34.0,45
ridge,06 patch-768,3,3,mean recall,0.2763265109194756,0.2721362174229761,-0.00419029349649951,-0.008490345873789006,0.00014125537699709954,0.97,20.0,45
ridge,06 patch-768,3,3,pooled dice,0.276282893499239,0.2815088891341492,0.005225995634910108,0.001439795236807965,0.00919767899051452,0.004,,45
