image,mask,pixel_size_nm,source,error,target_nm,status,scale,width_px,height_px,gt_fg_fraction_before,out_width_px,out_height_px,gt_fg_fraction_after
A100 - Site 19.tif,A100 - Site 19_mask.tif,25.4492092618188,override,,50.0,resampled,0.508984185236376,2048,1408,0.05113497647372159,1042,717,0.051795308346517396
A100 - Site 20.tif,A100 - Site 20_mask.tif,25.4492092618188,override,,50.0,resampled,0.508984185236376,2048,1408,0.01825922185724432,1042,717,0.01884183672103588
A100 - Site 3.tif,A100 - Site 3_mask.tif,25.4492092618188,override,,50.0,resampled,0.508984185236376,2048,1408,0.038757671009410515,1042,717,0.039370163054098836
A104 - Site 17.tif,A104 - Site 17_mask.tif,25.4492092618188,override,,50.0,resampled,0.508984185236376,2048,1408,0.016907431862571022,1042,717,0.017611770091311367
A104 - Site 2.tif,A104 - Site 2_mask.tif,25.4492092618188,override,,50.0,resampled,0.508984185236376,2048,1408,0.04002796519886364,1042,717,0.040594875748547074
A104 - Site 22.tif,A104 - Site 22_mask.tif,25.4492092618188,override,,50.0,resampled,0.508984185236376,2048,1408,0.010439439253373579,1042,717,0.011059891796968067
A104 - Site 44.tif,A104 - Site 44_mask.tif,25.4492092618188,override,,50.0,resampled,0.508984185236376,2048,1408,0.017584020441228695,1042,717,0.01819133358496829
A104 - Site 5.tif,A104 - Site 5_mask.tif,25.4492092618188,override,,50.0,resampled,0.508984185236376,2048,1408,0.02100892500443892,1042,717,0.02129527756138956
A106 - Site 6.tif,A106 - Site 6_mask.tif,25.4492092618188,override,,50.0,resampled,0.508984185236376,2048,1408,0.010005950927734375,1042,717,0.010456235594567898
A110 - Site 29.tif,A110 - Site 29_mask.tif,25.4492092618188,override,,50.0,resampled,0.508984185236376,2048,1408,0.014891537753018465,1042,717,0.015379179081104088
A110 - Site 37.tif,A110 - Site 37_mask.tif,25.4492092618188,override,,50.0,resampled,0.508984185236376,2048,1408,0.017105796120383522,1042,717,0.01755956922236767
A112 - 219.tif,A112 - 219_mask.tif,50.8854209703884,override,,50.0,resampled,1.0177084194077681,8192,5632,0.0024993202903053975,8337,5732,0.002500142086818855
A112 - 220.tif,A112 - 220_mask.tif,50.8854209703884,override,,50.0,resampled,1.0177084194077681,8192,5632,0.0013441606001420455,8337,5732,0.0013401988679761086
A112 - 221.tif,A112 - 221_mask.tif,50.8854209703884,override,,50.0,resampled,1.0177084194077681,8192,5632,0.0021789940920743074,8337,5732,0.0021774648045299705
A112 - 222.tif,A112 - 222_mask.tif,50.8854209703884,override,,50.0,resampled,1.0177084194077681,8192,5632,0.0013112805106423118,8337,5732,0.0013093541005251479
A112 - 223.tif,A112 - 223_mask.tif,50.8854209703884,override,,50.0,resampled,1.0177084194077681,8192,5632,0.002355705608021129,8337,5732,0.002352949349878517
A112 - 224.tif,A112 - 224_mask.tif,50.8854209703884,override,,50.0,resampled,1.0177084194077681,8192,5632,0.0012340545654296875,8337,5732,0.001233079217649468
A112 - Site 13.tif,A112 - Site 13_mask.tif,25.4492092618188,override,,50.0,resampled,0.508984185236376,2048,1408,0.007680025967684659,1042,717,0.008128612233206713
A112 - Site 2.tif,A112 - Site 2_mask.tif,25.4492092618188,override,,50.0,resampled,0.508984185236376,2048,1408,0.0009436173872514205,1042,717,0.0009944934775683496
A112 - Site 20.tif,A112 - Site 20_mask.tif,25.4492092618188,override,,50.0,resampled,0.508984185236376,2048,1408,0.011380629106001421,1042,717,0.011670240418463582
A112 - Site 21.tif,A112 - Site 21_mask.tif,25.4492092618188,override,,50.0,resampled,0.508984185236376,2048,1408,0.00423951582475142,1042,717,0.004419673570566205
A112 - Site 34.tif,A112 - Site 34_mask.tif,25.4492092618188,override,,50.0,resampled,0.508984185236376,2048,1408,0.005085338245738636,1042,717,0.005352596792457376
A112 - Site 4.tif,A112 - Site 4_mask.tif,25.4492092618188,override,,50.0,resampled,0.508984185236376,2048,1408,0.004192699085582386,1042,717,0.0044718744395099005
A112 - Site 46.tif,A112 - Site 46_mask.tif,25.4492092618188,override,,50.0,resampled,0.508984185236376,2048,1408,0.0017887462269176137,1042,717,0.0019501709243836952
A112 - Site 5.tif,A112 - Site 5_mask.tif,25.4492092618188,override,,50.0,resampled,0.508984185236376,2048,1408,0.006348003040660511,1042,717,0.006798159317052016
A112 - Site 6.tif,A112 - Site 6_mask.tif,25.4492092618188,override,,50.0,resampled,0.508984185236376,2048,1408,0.0,1042,717,0.0
A112_001.tif,A112_001_mask.tif,50.8854209703884,override,,50.0,resampled,1.0177084194077681,8192,5632,0.0008145245638760654,8337,5732,0.0008148124525139155
A112_002.tif,A112_002_mask.tif,50.8854209703884,override,,50.0,resampled,1.0177084194077681,8192,5632,0.000998323613947088,8337,5732,0.0010006971670776094
A112_003.tif,A112_003_mask.tif,50.8854209703884,override,,50.0,resampled,1.0177084194077681,8192,5632,0.0006734024394642223,8337,5732,0.0006785221062397584
A112_004.tif,A112_004_mask.tif,50.8854209703884,override,,50.0,resampled,1.0177084194077681,8192,5632,0.0014327656139026988,8337,5732,0.001433905020381402
A112_005.tif,A112_005_mask.tif,50.8854209703884,override,,50.0,resampled,1.0177084194077681,8192,5632,0.0014816630970348012,8337,5732,0.0014793769875937072
A112_006.tif,A112_006_mask.tif,50.8854209703884,override,,50.0,resampled,1.0177084194077681,8192,5632,0.0013892217115922408,8337,5732,0.0013926391578215006
A112_007.tif,A112_007_mask.tif,50.8854209703884,override,,50.0,resampled,1.0177084194077681,8192,5632,0.0005678913810036399,8337,5732,0.0005642248743421003
A112_008.tif,A112_008_mask.tif,50.8854209703884,override,,50.0,resampled,1.0177084194077681,8192,5632,0.001143260435624556,8337,5732,0.0011423445421627882
A112_009.tif,A112_009_mask.tif,50.8854209703884,override,,50.0,resampled,1.0177084194077681,8192,5632,0.0014570626345547762,8337,5732,0.0014535335087592861
A112_010.tif,A112_010_mask.tif,50.8854209703884,override,,50.0,resampled,1.0177084194077681,8192,5632,0.00122401931069114,8337,5732,0.00122295108505363
A113 - Site 15.tif,A113 - Site 15_mask.tif,25.4492092618188,override,,50.0,resampled,0.508984185236376,2048,1408,0.004582144997336648,1042,717,0.0049630980011082645
A124 - Site 12.tif,A124 - Site 12_mask.tif,25.4492092618188,override,,50.0,resampled,0.508984185236376,2048,1408,0.011786720969460228,1042,717,0.012083831918555936
A124 - Site 22.tif,A124 - Site 22_mask.tif,25.4492092618188,override,,50.0,resampled,0.508984185236376,2048,1408,0.010970375754616478,1042,717,0.011236571661085189
A125 - Site 10.tif,A125 - Site 10_mask.tif,25.4492092618188,override,,50.0,resampled,0.508984185236376,2048,1408,0.013812672008167614,1042,717,0.014285637800924624
A125 - Site 19.tif,A125 - Site 19_mask.tif,25.4492092618188,override,,50.0,resampled,0.508984185236376,2048,1408,0.01028164950284091,1042,717,0.010636930910142227
A125 - Site 29.tif,A125 - Site 29_mask.tif,25.4492092618188,override,,50.0,resampled,0.508984185236376,2048,1408,0.011387564919211647,1042,717,0.011603316227510126
A125 - Site 37.tif,A125 - Site 37_mask.tif,25.4492092618188,override,,50.0,resampled,0.508984185236376,2048,1408,0.006841832941228693,1042,717,0.007114041498352326
A125 - Site 4.tif,A125 - Site 4_mask.tif,25.4492092618188,override,,50.0,resampled,0.508984185236376,2048,1408,0.01137265292080966,1042,717,0.011975414729211339
A126 - Site 19.tif,A126 - Site 19_mask.tif,25.4492092618188,override,,50.0,resampled,0.508984185236376,2048,1408,0.027922196821732956,1042,717,0.02842002693029444
A126 - Site 4.tif,A126 - Site 4_mask.tif,25.4492092618188,override,,50.0,resampled,0.508984185236376,2048,1408,0.020154086026278408,1042,717,0.020600604459292692
A126 - Site 47.tif,A126 - Site 47_mask.tif,25.4492092618188,override,,50.0,resampled,0.508984185236376,2048,1408,0.006454120982776989,1042,717,0.006604079163286995
A126 - Site 48.tif,A126 - Site 48_mask.tif,25.4492092618188,override,,50.0,resampled,0.508984185236376,2048,1408,0.003222378817471591,1042,717,0.0034680115752080674
A13 - Site 8.tif,A13 - Site 8_mask.tif,50.8854209703884,override,,50.0,resampled,1.0177084194077681,8192,5632,0.0025533979589288883,8337,5732,0.00255410996691114
A139 - Site 18.tif,A139 - Site 18_mask.tif,25.4492092618188,override,,50.0,resampled,0.508984185236376,2048,1408,0.11359925703568892,1042,717,0.11461169245924986
A139 - Site 20.tif,A139 - Site 20_mask.tif,25.4492092618188,override,,50.0,resampled,0.508984185236376,2048,1408,0.036703629927201706,1042,717,0.037694381312624314
A139 - Site 5.tif,A139 - Site 5_mask.tif,25.4492092618188,override,,50.0,resampled,0.508984185236376,2048,1408,0.08766590465198863,1042,717,0.08936119521251108
A140 - Site 11.tif,A140 - Site 11_mask.tif,25.4492092618188,override,,50.0,resampled,0.508984185236376,2048,1408,0.04932126131924716,1042,717,0.05039257730413297
A30_Site1.tif,A30_Site1_mask.tif,50.8854209703884,override,,50.0,resampled,1.0177084194077681,8192,5632,0.002818692814220082,8337,5732,0.00281754604387189
A30_Site2.tif,A30_Site2_mask.tif,50.8854209703884,override,,50.0,resampled,1.0177084194077681,8192,5632,0.002008763226595792,8337,5732,0.0020076721022931347
A30_Site3.tif,A30_Site3_mask.tif,50.8854209703884,override,,50.0,resampled,1.0177084194077681,8192,5632,0.0043507272546941585,8337,5732,0.004345178142552378
A30_Site4.tif,A30_Site4_mask.tif,50.8854209703884,override,,50.0,resampled,1.0177084194077681,8192,5632,0.002806099978360263,8337,5732,0.0028088827238415656
A30_Site5.tif,A30_Site5_mask.tif,50.8854209703884,override,,50.0,resampled,1.0177084194077681,8192,5632,0.001274650747125799,8337,5732,0.0012743032284217833
A31_Site1.tif,A31_Site1_mask.tif,50.8854209703884,override,,50.0,resampled,1.0177084194077681,8192,5632,0.0011986819180575285,8337,5732,0.0012000372313502366
A31_Site2.tif,A31_Site2_mask.tif,50.8854209703884,override,,50.0,resampled,1.0177084194077681,8192,5632,0.006022388284856623,8337,5732,0.006012260397469775
A31_Site3.tif,A31_Site3_mask.tif,50.8854209703884,override,,50.0,resampled,1.0177084194077681,8192,5632,0.003661069003018466,8337,5732,0.0036609432673071164
A31_Site4.tif,A31_Site4_mask.tif,50.8854209703884,override,,50.0,resampled,1.0177084194077681,8192,5632,0.0046509179201993074,8337,5732,0.0046490639722151
A31_Site5.tif,A31_Site5_mask.tif,50.8854209703884,override,,50.0,resampled,1.0177084194077681,8192,5632,0.003643491051413796,8337,5732,0.0036438886638657775
A32 - Site 1.tif,A32 - Site 1_mask.tif,50.8854209703884,override,,50.0,resampled,1.0177084194077681,8192,5632,0.00646751577203924,8337,5732,0.006464029518568006
A32 - Site 2.tif,A32 - Site 2_mask.tif,50.8854209703884,override,,50.0,resampled,1.0177084194077681,8192,5632,0.001659913496537642,8337,5732,0.001660992819823618
A32 - Site 3.tif,A32 - Site 3_mask.tif,50.8854209703884,override,,50.0,resampled,1.0177084194077681,8192,5632,0.0013331499966708097,8337,5732,0.0013322679542285415
A32 - Site 4.tif,A32 - Site 4_mask.tif,50.8854209703884,override,,50.0,resampled,1.0177084194077681,8192,5632,0.0009245439009232955,8337,5732,0.0009232922859371047
A32 - Site 5.tif,A32 - Site 5_mask.tif,50.8854209703884,override,,50.0,resampled,1.0177084194077681,8192,5632,0.001359701156616211,8337,5732,0.001363468461873984
A33 - 216.tif,A33 - 216_mask.tif,50.8854209703884,override,,50.0,resampled,1.0177084194077681,8192,5632,0.0036150542172518644,8337,5732,0.0036094446426824115
A33 - 217.tif,A33 - 217_mask.tif,50.8854209703884,override,,50.0,resampled,1.0177084194077681,8192,5632,0.005672671578147195,8337,5732,0.00567916202007195
A33 - 218.tif,A33 - 218_mask.tif,50.8854209703884,override,,50.0,resampled,1.0177084194077681,8192,5632,0.004915280775590377,8337,5732,0.004909361165106893
A33 - 225.tif,A33 - 225_mask.tif,50.8854209703884,override,,50.0,resampled,1.0177084194077681,8192,5632,0.0028757832267067647,8337,5732,0.0028750085482276144
A33 - Site 1.tif,A33 - Site 1_mask.tif,50.8854209703884,override,,50.0,resampled,1.0177084194077681,8192,5632,0.003318049690940163,8337,5732,0.0033227598977175793
A33 - Site 2.tif,A33 - Site 2_mask.tif,50.8854209703884,override,,50.0,resampled,1.0177084194077681,8192,5632,0.0032066648656671696,8337,5732,0.0032035869325661398
A33 - Site 3.tif,A33 - Site 3_mask.tif,50.8854209703884,override,,50.0,resampled,1.0177084194077681,8192,5632,0.003666400909423828,8337,5732,0.003656674384973333
A33 - Site 4.tif,A33 - Site 4_mask.tif,50.8854209703884,override,,50.0,resampled,1.0177084194077681,8192,5632,0.0021201697262850676,8337,5732,0.002118495635821146
A33 - Site 5.tif,A33 - Site 5_mask.tif,50.8854209703884,override,,50.0,resampled,1.0177084194077681,8192,5632,0.013270703229037199,8337,5732,0.013276517020577938
A33_001.tif,A33_001_mask.tif,50.8854209703884,override,,50.0,resampled,1.0177084194077681,8192,5632,0.0023713978854092684,8337,5732,0.0023719500614426095
A33_002.tif,A33_002_mask.tif,50.8854209703884,override,,50.0,resampled,1.0177084194077681,8192,5632,0.0041056112809614706,8337,5732,0.0041038816612246785
A33_003.tif,A33_003_mask.tif,50.8854209703884,override,,50.0,resampled,1.0177084194077681,8192,5632,0.001780835064974698,8337,5732,0.0017816724493281574
A33_004.tif,A33_004_mask.tif,50.8854209703884,override,,50.0,resampled,1.0177084194077681,8192,5632,0.002844507044011896,8337,5732,0.002842322302122865
A33_005.tif,A33_005_mask.tif,50.8854209703884,override,,50.0,resampled,1.0177084194077681,8192,5632,0.00266486948186701,8337,5732,0.0026578605483370986
A33_10.00kV_0.10nA_22.5nm_500.00ns_006.tif,A33_10.00kV_0.10nA_22.5nm_500.00ns_006_mask.tif,22.5,override,,50.0,resampled,0.45,6144,4099,0.007117939080670082,2765,1845,0.007333441146346364
A33_10.00kV_0.10nA_33.7nm_50.00ns_003.tif,A33_10.00kV_0.10nA_33.7nm_50.00ns_003_mask.tif,33.7,override,,50.0,resampled,0.674,6144,4099,0.002189224887167602,4141,2763,0.0022256535655949005
A33_10.00kV_0.10nA_33.7nm_500.00ns_004.tif,A33_10.00kV_0.10nA_33.7nm_500.00ns_004_mask.tif,33.7,override,,50.0,resampled,0.674,6144,4099,0.001780000965682687,4141,2763,0.0018046453886669353
A33_10.00kV_0.10nA_45.0nm_500.00ns_005.tif,A33_10.00kV_0.10nA_45.0nm_500.00ns_005_mask.tif,45.0,override,,50.0,resampled,0.9,6144,4099,0.002413055204013174,5530,3689,0.002421156294285783
A33_10.00kV_0.20nA_42.2nm_50.00ns_007.tif,A33_10.00kV_0.20nA_42.2nm_50.00ns_007_mask.tif,42.2,override,,50.0,resampled,0.8440000000000001,6144,4099,0.013599726749918679,5186,3460,0.01364885229018099
A33_15.00kV_0.20nA_33.7nm_500.00ns_016.tif,A33_15.00kV_0.20nA_33.7nm_500.00ns_016_mask.tif,33.7,override,,50.0,resampled,0.674,6144,4099,0.021441213113462632,4141,2763,0.02156624655871482
A33_15.00kV_0.20nA_39.7nm_25.00ns_010.tif,A33_15.00kV_0.20nA_39.7nm_25.00ns_010_mask.tif,39.7,override,,50.0,resampled,0.794,6144,4099,0.007796180280251281,4878,3255,0.007825536012656594
A33_15.00kV_0.20nA_39.7nm_50.00ns_008.tif,A33_15.00kV_0.20nA_39.7nm_50.00ns_008_mask.tif,39.7,override,,50.0,resampled,0.794,6144,4099,0.0029202371513377245,4878,3255,0.002938803581584203
A33_15.00kV_0.20nA_39.7nm_50.00ns_009.tif,A33_15.00kV_0.20nA_39.7nm_50.00ns_009_mask.tif,39.7,override,,50.0,resampled,0.794,6144,4099,0.0073595185817679105,4878,3255,0.00738788340264355
A33_15.00kV_50pA_39.7nm_50.00ns_011.tif,A33_15.00kV_50pA_39.7nm_50.00ns_011_mask.tif,39.7,override,,50.0,resampled,0.794,6144,4099,0.013730999240160201,4878,3255,0.013805549729844456
A33_20.00kV_0.20nA_22.5nm_50.00ns_018.tif,A33_20.00kV_0.20nA_22.5nm_50.00ns_018_mask.tif,22.5,override,,50.0,resampled,0.45,6144,4099,0.008943365251687404,2765,1845,0.00906903463248014
A33_20.00kV_0.20nA_33.7nm_50.00ns_017.tif,A33_20.00kV_0.20nA_33.7nm_50.00ns_017_mask.tif,33.7,override,,50.0,resampled,0.674,6144,4099,0.005663736899751972,4141,2763,0.005727441735990553
A33_20.00kV_0.20nA_33.7nm_500.00ns_014.tif,A33_20.00kV_0.20nA_33.7nm_500.00ns_014_mask.tif,33.7,override,,50.0,resampled,0.674,6144,4099,0.010670674567475807,4141,2763,0.01078251147590329
A33_20.00kV_0.20nA_33.7nm_500.00ns_015.tif,A33_20.00kV_0.20nA_33.7nm_500.00ns_015_mask.tif,33.7,override,,50.0,resampled,0.674,6144,4099,0.011343317031084817,4141,2763,0.011462225113430546
A33_20.00kV_50pA_39.7nm_25.00ns_013.tif,A33_20.00kV_50pA_39.7nm_25.00ns_013_mask.tif,39.7,override,,50.0,resampled,0.794,6144,4099,0.01990473730889648,4878,3255,0.02001481305135632
A33_20.00kV_50pA_89.9nm_15.00µs_021.tif,A33_20.00kV_50pA_89.9nm_15.00µs_021_mask.tif,89.9,override,,50.0,resampled,1.798,1536,1010,0.030306311881188118,2762,1816,0.030320037194524814
A36 - Site 1.tif,A36 - Site 1_mask.tif,50.8854209703884,override,,50.0,resampled,1.0177084194077681,8192,5632,0.0013652281327681108,8337,5732,0.0013643682753070854
A36 - Site 2.tif,A36 - Site 2_mask.tif,50.8854209703884,override,,50.0,resampled,1.0177084194077681,8192,5632,0.0015564398332075639,8337,5732,0.001554061502541115
A36 - Site 3.tif,A36 - Site 3_mask.tif,50.8854209703884,override,,50.0,resampled,1.0177084194077681,8192,5632,0.0016525875438343394,8337,5732,0.0016500695032636442
A36 - Site 4.tif,A36 - Site 4_mask.tif,50.8854209703884,override,,50.0,resampled,1.0177084194077681,8192,5632,0.001392386176369407,8337,5732,0.0013850430583746223
A36 - Site 5.tif,A36 - Site 5_mask.tif,50.8854209703884,override,,50.0,resampled,1.0177084194077681,8192,5632,0.0009309378537264737,8337,5732,0.0009306163487646734
A37 - Site 2.tif,A37 - Site 2_mask.tif,50.8854209703884,override,,50.0,resampled,1.0177084194077681,8192,5632,0.0016194690357555044,8337,5732,0.0016160230740623462
A37 - Site 3.tif,A37 - Site 3_mask.tif,50.8854209703884,override,,50.0,resampled,1.0177084194077681,8192,5632,0.0005167180841619319,8337,5732,0.0005181251303160036
A37 - Site 4.tif,A37 - Site 4_mask.tif,50.8854209703884,override,,50.0,resampled,1.0177084194077681,8192,5632,0.0015736276453191583,8337,5732,0.0015707394398941786
A37 - Site 5.tif,A37 - Site 5_mask.tif,50.8854209703884,override,,50.0,resampled,1.0177084194077681,8192,5632,0.0028638189489191227,8337,5732,0.002860737088660752
A37 - Site 6.tif,A37 - Site 6_mask.tif,50.8854209703884,override,,50.0,resampled,1.0177084194077681,8192,5632,0.0009377869692715732,8337,5732,0.0009360989329384534
A41 - Site 12.tif,A41 - Site 12_mask.tif,25.4492092618188,override,,50.0,resampled,0.508984185236376,2048,1408,0.05738934603604404,1042,717,0.05821601522659193
A41 - Site 5.tif,A41 - Site 5_mask.tif,25.4492092618188,override,,50.0,resampled,0.508984185236376,2048,1408,0.06431475552645596,1042,717,0.0648816646455561
A44 - Site 13.tif,A44 - Site 13_mask.tif,25.4492092618188,override,,50.0,resampled,0.508984185236376,2048,1408,0.012780276211825285,1042,717,0.013034155430095005
A44 - Site 16.tif,A44 - Site 16_mask.tif,25.4492092618188,override,,50.0,resampled,0.508984185236376,2048,1408,0.08598674427379262,1042,717,0.08670028938020169
A44 - Site 5.tif,A44 - Site 5_mask.tif,25.4492092618188,override,,50.0,resampled,0.508984185236376,2048,1408,0.011354966597123579,1042,717,0.01170102554630217
A44 - Site 8.tif,A44 - Site 8_mask.tif,25.4492092618188,override,,50.0,resampled,0.508984185236376,2048,1408,0.027726953679865055,1042,717,0.028316963676226117
A44_10.00kV_0.10nA_16.9nm_250.00ns_054.tif,A44_10.00kV_0.10nA_16.9nm_250.00ns_054_mask.tif,16.862,override,,50.0,resampled,0.33724,6144,4099,0.004198972564446613,2072,1382,0.004345375456084573
A44_10.00kV_0.10nA_28.1nm_250.00ns_049.tif,A44_10.00kV_0.10nA_28.1nm_250.00ns_049_mask.tif,28.1033,override,,50.0,resampled,0.5620660000000001,6144,4099,0.0018482181883792794,3453,2304,0.001881164124593751
A44_10.00kV_0.10nA_28.1nm_500.00ns_048.tif,A44_10.00kV_0.10nA_28.1nm_500.00ns_048_mask.tif,28.1033,override,,50.0,resampled,0.5620660000000001,6144,4099,0.00159921341333252,3453,2304,0.0016330405122759598
A44_10.00kV_0.10nA_33.7nm_250.00ns_050.tif,A44_10.00kV_0.10nA_33.7nm_250.00ns_050_mask.tif,33.724,override,,50.0,resampled,0.67448,6144,4099,0.0007009538022485159,4144,2765,0.0007112834870520224
A44_10.00kV_0.10nA_33.7nm_250.00ns_053.tif,A44_10.00kV_0.10nA_33.7nm_250.00ns_053_mask.tif,33.724,override,,50.0,resampled,0.67448,6144,4099,0.00037797423914369356,4144,2765,0.00039028954037995627
A44_10.00kV_0.20nA_30.7nm_500.00ns_047.tif,A44_10.00kV_0.20nA_30.7nm_500.00ns_047_mask.tif,30.6581,override,,50.0,resampled,0.613162,6144,4099,0.0025301918786086036,3767,2513,0.0025647361091583123
A44_15.00kV_0.10nA_16.9nm_500.00ns_067.tif,A44_15.00kV_0.10nA_16.9nm_500.00ns_067_mask.tif,16.862,override,,50.0,resampled,0.33724,6144,4099,0.0018694219118484184,2072,1382,0.0019423754951974923
A44_15.00kV_0.10nA_22.5nm_500.00ns_068.tif,A44_15.00kV_0.10nA_22.5nm_500.00ns_068_mask.tif,22.4826,override,,50.0,resampled,0.44965200000000005,6144,4099,0.0029167031974262013,2763,1843,0.002958637400782254
A44_15.00kV_0.10nA_33.7nm_250.00ns_051.tif,A44_15.00kV_0.10nA_33.7nm_250.00ns_051_mask.tif,33.724,override,,50.0,resampled,0.67448,6144,4099,0.0,4144,2765,0.0
A44_15.00kV_0.10nA_33.7nm_250.00ns_052.tif,A44_15.00kV_0.10nA_33.7nm_250.00ns_052_mask.tif,33.724,override,,50.0,resampled,0.67448,6144,4099,0.0006675202158046678,4144,2765,0.0006736683725833817
A44_15.00kV_0.10nA_37.5nm_750.00ns_062.tif,A44_15.00kV_0.10nA_37.5nm_750.00ns_062_mask.tif,37.4711,override,,50.0,resampled,0.749422,6144,4099,0.0014349044101203546,4604,3072,0.0014457536924413553
A44_15.00kV_0.20nA_45.0nm_250.00ns_060.tif,A44_15.00kV_0.20nA_45.0nm_250.00ns_060_mask.tif,44.9653,override,,50.0,resampled,0.8993059999999999,6144,4099,0.0024034063186142963,5525,3686,0.002411767161057002
A44_15.00kV_0.20nA_45.0nm_750.00ns_061.tif,A44_15.00kV_0.20nA_45.0nm_750.00ns_061_mask.tif,44.9653,override,,50.0,resampled,0.8993059999999999,6144,4099,0.0009579794614540132,5525,3686,0.0009612499785172219
A44_15.00kV_0.40nA_45.0nm_250.00ns_059.tif,A44_15.00kV_0.40nA_45.0nm_250.00ns_059_mask.tif,44.9653,override,,50.0,resampled,0.8993059999999999,6144,4099,0.0035953811778279255,5525,3686,0.003608517491891786
A44_15.00kV_50pA_16.9nm_50.00ns_065.tif,A44_15.00kV_50pA_16.9nm_50.00ns_065_mask.tif,16.862,override,,50.0,resampled,0.33724,6144,4099,0.001316139734284785,2072,1382,0.0013675552749358828
A44_15.00kV_50pA_16.9nm_500.00ns_066.tif,A44_15.00kV_50pA_16.9nm_500.00ns_066_mask.tif,16.862,override,,50.0,resampled,0.33724,6144,4099,0.0016262938242050907,2072,1382,0.001701761198866843
A44_15.00kV_50pA_37.5nm_50.00ns_064.tif,A44_15.00kV_50pA_37.5nm_50.00ns_064_mask.tif,37.4711,override,,50.0,resampled,0.749422,6144,4099,0.0009076702523989591,4604,3072,0.0009193630312409499
A44_15.00kV_50pA_37.5nm_750.00ns_063.tif,A44_15.00kV_50pA_37.5nm_750.00ns_063_mask.tif,37.4711,override,,50.0,resampled,0.749422,6144,4099,0.0006259466231601203,4604,3072,0.0006334363913625832
A44_20.00kV_0.10nA_33.7nm_250.00ns_055.tif,A44_20.00kV_0.10nA_33.7nm_250.00ns_055_mask.tif,33.724,override,,50.0,resampled,0.67448,6144,4099,0.003010055170976661,4144,2765,0.003030242202936597
A44_20.00kV_0.40nA_16.9nm_250.00ns_057.tif,A44_20.00kV_0.40nA_16.9nm_250.00ns_057_mask.tif,16.862,override,,50.0,resampled,0.33724,6144,4099,0.01039399377134667,2072,1382,0.0104861037386363
A44_20.00kV_0.40nA_33.7nm_250.00ns_056.tif,A44_20.00kV_0.40nA_33.7nm_250.00ns_056_mask.tif,33.724,override,,50.0,resampled,0.67448,6144,4099,0.0029822997351996424,4144,2765,0.003001441767264552
A44_20.00kV_0.40nA_45.0nm_250.00ns_058.tif,A44_20.00kV_0.40nA_45.0nm_250.00ns_058_mask.tif,44.9653,override,,50.0,resampled,0.8993059999999999,6144,4099,0.004803119853927788,5525,3686,0.004824319978001635
A50 - Site 4.tif,A50 - Site 4_mask.tif,25.4492092618188,override,,50.0,resampled,0.508984185236376,2048,1408,0.011858159845525568,1042,717,0.012200280010814949
A51 - Site 11.tif,A51 - Site 11_mask.tif,25.4492092618188,override,,50.0,resampled,0.508984185236376,2048,1408,0.15962184559215198,1042,717,0.1608937859550216
A51 - Site 19.tif,A51 - Site 19_mask.tif,25.4492092618188,override,,50.0,resampled,0.508984185236376,2048,1408,0.21461660211736505,1042,717,0.21612632074890847
A51 - Site 5.tif,A51 - Site 5_mask.tif,25.4492092618188,override,,50.0,resampled,0.508984185236376,2048,1408,0.035300861705433235,1042,717,0.03631172752752592
A51 - Site 9.tif,A51 - Site 9_mask.tif,25.4492092618188,override,,50.0,resampled,0.508984185236376,2048,1408,0.06286517056551846,1042,717,0.06348964147372423
A51_10.00kV_0.10nA_14.4nm_50.00ns_086.tif,A51_10.00kV_0.10nA_14.4nm_50.00ns_086_mask.tif,14.3506,override,,50.0,resampled,0.287012,6144,4099,0.01287959429891437,1763,1176,0.013315564456071708
A51_10.00kV_0.10nA_14.4nm_700.00ns_087.tif,A51_10.00kV_0.10nA_14.4nm_700.00ns_087_mask.tif,14.3506,override,,50.0,resampled,0.287012,6144,4099,0.01379560309425063,1763,1176,0.014213654832324308
A51_10.00kV_0.10nA_42.2nm_50.00ns_085.tif,A51_10.00kV_0.10nA_42.2nm_50.00ns_085_mask.tif,42.1549,override,,50.0,resampled,0.8430979999999999,6144,4099,0.010228652377104172,5180,3456,0.010290424352924352
A51_10.00kV_0.20nA_14.4nm_700.00ns_088.tif,A51_10.00kV_0.20nA_14.4nm_700.00ns_088_mask.tif,14.3506,override,,50.0,resampled,0.287012,6144,4099,0.018540353147617306,1763,1176,0.019185467720837627
A51_10.00kV_0.40nA_14.4nm_700.00ns_089.tif,A51_10.00kV_0.40nA_14.4nm_700.00ns_089_mask.tif,14.3506,override,,50.0,resampled,0.287012,6144,4099,0.029309382814405954,1763,1176,0.030074451788656472
A51_10.00kV_0.40nA_42.2nm_400.00ns_082.tif,A51_10.00kV_0.40nA_42.2nm_400.00ns_082_mask.tif,42.1549,override,,50.0,resampled,0.8430979999999999,6144,4099,0.022695766752053346,5180,3456,0.02277098527098527
A51_10.00kV_0.40nA_42.2nm_50.00ns_083.tif,A51_10.00kV_0.40nA_42.2nm_50.00ns_083_mask.tif,42.1549,override,,50.0,resampled,0.8430979999999999,6144,4099,0.01133458141467431,5180,3456,0.011378677784927784
A51_10.00kV_50pA_42.2nm_50.00ns_084.tif,A51_10.00kV_50pA_42.2nm_50.00ns_084_mask.tif,42.1549,override,,50.0,resampled,0.8430979999999999,6144,4099,0.015357451893754575,5180,3456,0.015417984949234948
A51_15.00kV_0.10nA_22.5nm_500.00ns_069.tif,A51_15.00kV_0.10nA_22.5nm_500.00ns_069_mask.tif,22.4826,override,,50.0,resampled,0.44965200000000005,6144,4099,0.005473776950170773,2763,1843,0.005694188907014618
A51_15.00kV_0.10nA_25.0nm_1.00µs_073.tif,A51_15.00kV_0.10nA_25.0nm_1.00µs_073_mask.tif,24.9807,override,,50.0,resampled,0.499614,6144,4099,0.007579497285923396,3070,2048,0.00777671391490228
A51_15.00kV_0.10nA_25.0nm_500.00ns_072.tif,A51_15.00kV_0.10nA_25.0nm_500.00ns_072_mask.tif,24.9807,override,,50.0,resampled,0.499614,6144,4099,0.005143689771895585,3070,2048,0.0052934777076547234
A51_15.00kV_0.20nA_22.5nm_500.00ns_070.tif,A51_15.00kV_0.20nA_22.5nm_500.00ns_070_mask.tif,22.4826,override,,50.0,resampled,0.44965200000000005,6144,4099,0.006392406430430186,2763,1843,0.00664642790584597
A51_15.00kV_0.20nA_25.0nm_500.00ns_071.tif,A51_15.00kV_0.20nA_25.0nm_500.00ns_071_mask.tif,24.9807,override,,50.0,resampled,0.499614,6144,4099,0.0027886470023176383,3070,2048,0.00290201292752443
A51_15.00kV_50pA_25.0nm_1.00µs_074.tif,A51_15.00kV_50pA_25.0nm_1.00µs_074_mask.tif,24.9807,override,,50.0,resampled,0.499614,6144,4099,0.005592660748048305,3070,2048,0.005766331178745928
A51_15.00kV_50pA_28.1nm_1.00µs_075.tif,A51_15.00kV_50pA_28.1nm_1.00µs_075_mask.tif,28.1033,override,,50.0,resampled,0.5620660000000001,6144,4099,0.013010866789155891,3453,2304,0.013213273683109695
A51_15.00kV_50pA_28.1nm_400.00ns_076.tif,A51_15.00kV_50pA_28.1nm_400.00ns_076_mask.tif,28.1033,override,,50.0,resampled,0.5620660000000001,6144,4099,0.01701432037539644,3453,2304,0.017289087387778745
A51_20.00kV_0.10nA_28.1nm_400.00ns_078.tif,A51_20.00kV_0.10nA_28.1nm_400.00ns_078_mask.tif,28.1033,override,,50.0,resampled,0.5620660000000001,6144,4099,0.010830854006566642,3453,2304,0.011063120434726646
A51_20.00kV_0.20nA_28.1nm_400.00ns_079.tif,A51_20.00kV_0.20nA_28.1nm_400.00ns_079_mask.tif,28.1033,override,,50.0,resampled,0.5620660000000001,6144,4099,0.02064277777354233,3453,2304,0.021010061701579947
A51_20.00kV_0.40nA_28.1nm_400.00ns_080.tif,A51_20.00kV_0.40nA_28.1nm_400.00ns_080_mask.tif,28.1033,override,,50.0,resampled,0.5620660000000001,6144,4099,0.017111523961636985,3453,2304,0.017461542097049264
A51_20.00kV_0.40nA_42.2nm_400.00ns_081.tif,A51_20.00kV_0.40nA_42.2nm_400.00ns_081_mask.tif,42.1549,override,,50.0,resampled,0.8430979999999999,6144,4099,0.008776991466414573,5180,3456,0.00883327523952524
A52 - Site 2.tif,A52 - Site 2_mask.tif,25.4492092618188,override,,50.0,resampled,0.508984185236376,2048,1408,0.0595977089621804,1042,717,0.06017287857007097
A52 - Site 3.tif,A52 - Site 3_mask.tif,25.4492092618188,override,,50.0,resampled,0.508984185236376,2048,1408,0.018268238414417614,1042,717,0.019259443672585443
A52 - Site 4.tif,A52 - Site 4_mask.tif,25.4492092618188,override,,50.0,resampled,0.508984185236376,2048,1408,0.01564060557972301,1042,717,0.016275963239880394
A52 - Site 6.tif,A52 - Site 6_mask.tif,25.4492092618188,override,,50.0,resampled,0.508984185236376,2048,1408,0.026872114701704544,1042,717,0.02720200665494155
A52 - Site 9.tif,A52 - Site 9_mask.tif,25.4492092618188,override,,50.0,resampled,0.508984185236376,2048,1408,0.006246393377130682,1042,717,0.006834298380166882
A52_10.00kV_0.10nA_28.1nm_500.00ns_044.tif,A52_10.00kV_0.10nA_28.1nm_500.00ns_044_mask.tif,28.1033,override,,50.0,resampled,0.5620660000000001,6144,4099,0.03740702127551435,3453,2304,0.03757149580075297
A52_10.00kV_0.10nA_33.7nm_200.00ns_032.tif,A52_10.00kV_0.10nA_33.7nm_200.00ns_032_mask.tif,33.724,override,,50.0,resampled,0.67448,6144,4099,0.00517450267341628,4144,2765,0.005224748127098941
A52_10.00kV_0.20nA_28.1nm_500.00ns_046.tif,A52_10.00kV_0.20nA_28.1nm_500.00ns_046_mask.tif,28.1033,override,,50.0,resampled,0.5620660000000001,6144,4099,0.08339746069925591,3453,2304,0.08385220581137176
A52_10.00kV_0.40nA_33.7nm_200.00ns_033.tif,A52_10.00kV_0.40nA_33.7nm_200.00ns_033_mask.tif,33.724,override,,50.0,resampled,0.67448,6144,4099,0.0023014378506952915,4144,2765,0.0023445300117994512
A52_10.00kV_50pA_16.9nm_200.00ns_030.tif,A52_10.00kV_50pA_16.9nm_200.00ns_030_mask.tif,16.862,override,,50.0,resampled,0.33724,6144,4099,0.0025745052782182648,2072,1382,0.0026251054651922957
A52_10.00kV_50pA_33.7nm_200.00ns_029.tif,A52_10.00kV_50pA_33.7nm_200.00ns_029_mask.tif,33.724,override,,50.0,resampled,0.67448,6144,4099,0.000757735308916809,4144,2765,0.0007684479881586572
A52_15.00kV_0.10nA_16.9nm_1.00µs_026.tif,A52_15.00kV_0.10nA_16.9nm_1.00µs_026_mask.tif,16.862,override,,50.0,resampled,0.33724,6144,4099,0.00310090558164593,2072,1382,0.003278849968430287
A52_15.00kV_0.10nA_33.7nm_1.00µs_027.tif,,33.724,override,,50.0,resampled,0.67448,6144,4099,,4144,2765,
A52_15.00kV_50pA_33.7nm_1.00µs_028.tif,A52_15.00kV_50pA_33.7nm_1.00µs_028_mask.tif,33.724,override,,50.0,resampled,0.67448,6144,4099,0.0020739941652435554,4144,2765,0.0020832315136112604
A52_20.00kV_0.10nA_28.1nm_500.00ns_043.tif,A52_20.00kV_0.10nA_28.1nm_500.00ns_043_mask.tif,28.1033,override,,50.0,resampled,0.5620660000000001,6144,4099,0.014306160166097422,3453,2304,0.014371812353187245
A52_20.00kV_0.20nA_28.1nm_25.00ns_040.tif,A52_20.00kV_0.20nA_28.1nm_25.00ns_040_mask.tif,28.1033,override,,50.0,resampled,0.5620660000000001,6144,4099,0.004484944879848744,3453,2304,0.004537871657495897
A52_20.00kV_0.20nA_28.1nm_25.00ns_041.tif,A52_20.00kV_0.20nA_28.1nm_25.00ns_041_mask.tif,28.1033,override,,50.0,resampled,0.5620660000000001,6144,4099,0.0011056510861388957,3453,2304,0.0011297543199150497
A52_20.00kV_0.20nA_28.1nm_500.00ns_042.tif,A52_20.00kV_0.20nA_28.1nm_500.00ns_042_mask.tif,28.1033,override,,50.0,resampled,0.5620660000000001,6144,4099,0.000994192562210295,3453,2304,0.001018387794832191
A52_20.00kV_0.40nA_16.9nm_200.00ns_035.tif,A52_20.00kV_0.40nA_16.9nm_200.00ns_035_mask.tif,16.862,override,,50.0,resampled,0.33724,6144,4099,0.00020091917744165244,2072,1382,0.00021267649704697462
A52_20.00kV_0.40nA_28.1nm_25.00ns_038.tif,A52_20.00kV_0.40nA_28.1nm_25.00ns_038_mask.tif,28.1033,override,,50.0,resampled,0.5620660000000001,6144,4099,0.0036704280642636416,3453,2304,0.003785959069408244
A52_20.00kV_0.40nA_28.1nm_25.00ns_039.tif,A52_20.00kV_0.40nA_28.1nm_25.00ns_039_mask.tif,28.1033,override,,50.0,resampled,0.5620660000000001,6144,4099,0.005084684653777344,3453,2304,0.005250315747980822
A52_20.00kV_0.40nA_33.7nm_200.00ns_034.tif,A52_20.00kV_0.40nA_33.7nm_200.00ns_034_mask.tif,33.724,override,,50.0,resampled,0.67448,6144,4099,0.007843908511730504,4144,2765,0.007885210190815978
A52_20.00kV_0.40nA_45.0nm_200.00ns_036.tif,A52_20.00kV_0.40nA_45.0nm_200.00ns_036_mask.tif,44.9653,override,,50.0,resampled,0.8993059999999999,6144,4099,0.000738239001382451,5525,3686,0.0007446053675028173
A52_20.00kV_0.40nA_56.2nm_25.00ns_037.tif,A52_20.00kV_0.40nA_56.2nm_25.00ns_037_mask.tif,56.2066,override,,50.0,resampled,1.1241320000000001,6144,4099,0.0018549287300764414,6907,4608,0.0018556619793928864
A53 - Site 2.tif,A53 - Site 2_mask.tif,25.4492092618188,override,,50.0,resampled,0.508984185236376,2048,1408,0.010055888782848011,1042,717,0.010768102324411
A53 - Site 3.tif,A53 - Site 3_mask.tif,25.4492092618188,override,,50.0,resampled,0.508984185236376,2048,1408,0.05579723011363636,1042,717,0.0578921021423772
A53 - Site 6.tif,A53 - Site 6_mask.tif,25.4492092618188,override,,50.0,resampled,0.508984185236376,2048,1408,0.008688493208451704,1042,717,0.009396156409865162
A55 - Site 1.tif,A55 - Site 1_mask.tif,50.8854209703884,override,,50.0,resampled,1.0177084194077681,8192,5632,0.0042406212199818,8337,5732,0.004235149792988503
A55 - Site 2.tif,A55 - Site 2_mask.tif,50.8854209703884,override,,50.0,resampled,1.0177084194077681,8192,5632,0.004061308774081143,8337,5732,0.004056275252845482
A55 - Site 4.tif,A55 - Site 4_mask.tif,50.8854209703884,override,,50.0,resampled,1.0177084194077681,8192,5632,0.0031827579845081677,8337,5732,0.0031894619542558286
A56 - Site 1.tif,A56 - Site 1_mask.tif,50.8854209703884,override,,50.0,resampled,1.0177084194077681,8192,5632,0.013222087513316761,8337,5732,0.013207126756760173
A56 - Site 2.tif,A56 - Site 2_mask.tif,50.8854209703884,override,,50.0,resampled,1.0177084194077681,8192,5632,0.01242962750521573,8337,5732,0.012437263124113735
A56 - Site 4.tif,A56 - Site 4_mask.tif,50.8854209703884,override,,50.0,resampled,1.0177084194077681,8192,5632,0.007025978781960227,8337,5732,0.007021997550665984
A56 - Site 5.tif,A56 - Site 5_mask.tif,50.8854209703884,override,,50.0,resampled,1.0177084194077681,8192,5632,0.009145996787331322,8337,5732,0.00914289966427333
A60 - Site 2.tif,A60 - Site 2_mask.tif,50.8854209703884,override,,50.0,resampled,1.0177084194077681,8192,5632,7.330287586558948e-05,8337,5732,7.273840682465382e-05
A60 - Site 5.tif,A60 - Site 5_mask.tif,50.8854209703884,override,,50.0,resampled,1.0177084194077681,8192,5632,3.721497275612571e-05,8337,5732,3.7541053464737905e-05
A61 - Site 1.tif,A61 - Site 1_mask.tif,50.8854209703884,override,,50.0,resampled,1.0177084194077681,8192,5632,0.00036625428633256394,8337,5732,0.0003669983253425715
A61 - Site 2.tif,A61 - Site 2_mask.tif,50.8854209703884,override,,50.0,resampled,1.0177084194077681,8192,5632,8.95370136607777e-05,8337,5732,8.939541828392436e-05
A61 - Site 3.tif,A61 - Site 3_mask.tif,50.8854209703884,override,,50.0,resampled,1.0177084194077681,8192,5632,0.0003295811739834872,8337,5732,0.000327636719117838
A61 - Site 4.tif,A61 - Site 4_mask.tif,50.8854209703884,override,,50.0,resampled,1.0177084194077681,8192,5632,6.615031849254261e-05,8337,5732,6.72558226508738e-05
A74 - Site 14.tif,A74 - Site 14_mask.tif,50.8854209703884,override,,50.0,resampled,1.0177084194077681,8192,5632,0.0006251985376531428,8337,5732,0.0006280279245171204
A74 - Site 15.tif,A74 - Site 15_mask.tif,50.8854209703884,override,,50.0,resampled,1.0177084194077681,8192,5632,0.0005479509180242366,8337,5732,0.0005463332351490396
A74 - Site 7.tif,A74 - Site 7_mask.tif,50.8854209703884,override,,50.0,resampled,1.0177084194077681,8192,5632,0.0015323162078857422,8337,5732,0.0015322985729963395
A74 - Site 8.tif,A74 - Site 8_mask.tif,50.8854209703884,override,,50.0,resampled,1.0177084194077681,8192,5632,0.0006411942568692294,8337,5732,0.0006425086430219134
A75 - Site 12.tif,A75 - Site 12_mask.tif,50.8854209703884,override,,50.0,resampled,1.0177084194077681,8192,5632,0.0014992193742231889,8337,5732,0.0014989636241840053
A75 - Site 16.tif,A75 - Site 16_mask.tif,50.8854209703884,override,,50.0,resampled,1.0177084194077681,8192,5632,0.0006155967712402344,8337,5732,0.0006168116454440437
A75 - Site 2.tif,A75 - Site 2_mask.tif,50.8854209703884,override,,50.0,resampled,1.0177084194077681,8192,5632,0.0006294033744118431,8337,5732,0.0006291788486757383
A75 - Site 3.tif,A75 - Site 3_mask.tif,50.8854209703884,override,,50.0,resampled,1.0177084194077681,8192,5632,0.0006542422554709694,8337,5732,0.0006529925158122331
A75 - Site 7.tif,A75 - Site 7_mask.tif,50.8854209703884,override,,50.0,resampled,1.0177084194077681,8192,5632,0.0005427924069491299,8337,5732,0.0005446382377518024
A77 - Site 12.tif,A77 - Site 12_mask.tif,25.4492092618188,override,,50.0,resampled,0.508984185236376,2048,1408,0.012035369873046875,1042,717,0.012398375616037178
A77 - Site 18.tif,A77 - Site 18_mask.tif,25.4492092618188,override,,50.0,resampled,0.508984185236376,2048,1408,0.02316839044744318,1042,717,0.023649670599132127
A77 - Site 4.tif,A77 - Site 4_mask.tif,50.8854209703884,override,,50.0,resampled,1.0177084194077681,8192,5632,0.0011420683427290483,8337,5732,0.001141444728729687
A77 - Site 5.tif,A77 - Site 5_mask.tif,50.8854209703884,override,,50.0,resampled,1.0177084194077681,8192,5632,0.0011550079692493785,8337,5732,0.0011595247009668851
A77 - Site 6 zoom v2.tif,A77 - Site 6 zoom v2_mask.tif,33.9293901787912,override,,50.0,resampled,0.678587803575824,2048,1408,0.004340778697620739,1390,955,0.004462691626803269
A77 - Site 6.tif,A77 - Site 6_mask.tif,50.8854209703884,override,,50.0,resampled,1.0177084194077681,8192,5632,0.0005567073822021484,8337,5732,0.0005587422901683203
A77 - Site 7.tif,A77 - Site 7_mask.tif,50.8854209703884,override,,50.0,resampled,1.0177084194077681,8192,5632,0.001120979135686701,8337,5732,0.0011217116108828374
A78 - Site 3.tif,A78 - Site 3_mask.tif,25.4492092618188,override,,50.0,resampled,0.508984185236376,2048,1408,0.026837435635653408,1042,717,0.02743891829091678
A78 - Site 5.tif,A78 - Site 5_mask.tif,25.4492092618188,override,,50.0,resampled,0.508984185236376,2048,1408,0.010091608220880682,1042,717,0.010748025067124963
A78 - Site 8.tif,A78 - Site 8_mask.tif,25.4492092618188,override,,50.0,resampled,0.508984185236376,2048,1408,0.016452095725319603,1042,717,0.016945205149414947
A82 - Site 1.tif,A82 - Site 1_mask.tif,50.8854209703884,override,,50.0,resampled,1.0177084194077681,8192,5632,0.002752607518976385,8337,5732,0.002751943366830667
A82 - Site 2.tif,A82 - Site 2_mask.tif,50.8854209703884,override,,50.0,resampled,1.0177084194077681,8192,5632,0.003172679380937056,8337,5732,0.0031705658721607015
A82 - Site 3.tif,A82 - Site 3_mask.tif,50.8854209703884,override,,50.0,resampled,1.0177084194077681,8192,5632,0.0034591501409357243,8337,5732,0.0034638841254579318
A82 - Site 4.tif,A82 - Site 4_mask.tif,50.8854209703884,override,,50.0,resampled,1.0177084194077681,8192,5632,0.001010352914983576,8337,5732,0.0010116204836375833
A82 - Site 5.tif,A82 - Site 5_mask.tif,50.8854209703884,override,,50.0,resampled,1.0177084194077681,8192,5632,0.002095417542891069,8337,5732,0.0021003319600087756
A85 - Site 2.tif,A85 - Site 2_mask.tif,25.4492092618188,override,,50.0,resampled,0.508984185236376,2048,1408,0.010994997891512785,1042,717,0.011589931389319434
A86 - Site 2.tif,A86 - Site 2_mask.tif,25.4492092618188,override,,50.0,resampled,0.508984185236376,2048,1408,0.005343697287819602,1042,717,0.005711310455967898
A89 - Site 2.tif,A89 - Site 2_mask.tif,50.8854209703884,override,,50.0,resampled,1.0177084194077681,8192,5632,0.00027654387734153056,8337,5732,0.00027787494367795685
A89 - Site 3.tif,A89 - Site 3_mask.tif,50.8854209703884,override,,50.0,resampled,1.0177084194077681,8192,5632,0.0014128251509232955,8337,5732,0.0014199893010090215
A89 - Site 4.tif,A89 - Site 4_mask.tif,50.8854209703884,override,,50.0,resampled,1.0177084194077681,8192,5632,0.0005681514739990234,8337,5732,0.0005665895003407154
A89 - Site 5.tif,A89 - Site 5_mask.tif,50.8854209703884,override,,50.0,resampled,1.0177084194077681,8192,5632,0.0011626373637806285,8337,5732,0.0011586458134275768
A91 - Site 1.tif,A91 - Site 1_mask.tif,50.8854209703884,override,,50.0,resampled,1.0177084194077681,8192,5632,8.35982235995206e-05,8337,5732,8.345246444669719e-05
A91 - Site 11.tif,A91 - Site 11_mask.tif,50.8854209703884,override,,50.0,resampled,1.0177084194077681,8192,5632,0.0006538737903941761,8337,5732,0.0006543317730149886
A91 - Site 7.tif,A91 - Site 7_mask.tif,50.8854209703884,override,,50.0,resampled,1.0177084194077681,8192,5632,0.0005430958487770774,8337,5732,0.0005421899081780151
A94 - Site 12.tif,A94 - Site 12_mask.tif,25.4492092618188,override,,50.0,resampled,0.508984185236376,2048,1408,0.019030831076882103,1042,717,0.019588710692076444
A94 - Site 14.tif,A94 - Site 14_mask.tif,25.4492092618188,override,,50.0,resampled,0.508984185236376,2048,1408,0.01714290272105824,1042,717,0.017646570670607164
A94 - Site 17.tif,A94 - Site 17_mask.tif,50.8854209703884,override,,50.0,resampled,1.0177084194077681,8192,5632,0.0009957877072420988,8337,5732,0.0009966166177879639
A94 - Site 23.tif,A94 - Site 23_mask.tif,25.4492092618188,override,,50.0,resampled,0.508984185236376,2048,1408,0.007092215798117898,1042,717,0.007278675008097827
A94 - Site 4.tif,A94 - Site 4_mask.tif,25.4492092618188,override,,50.0,resampled,0.508984185236376,2048,1408,0.033845381303267044,1042,717,0.034389664763342674
A94 - Site 5.tif,A94 - Site 5_mask.tif,25.4492092618188,override,,50.0,resampled,0.508984185236376,2048,1408,0.02141328291459517,1042,717,0.021906964666704144
A94 - Site 9.tif,A94 - Site 9_mask.tif,25.4492092618188,override,,50.0,resampled,0.508984185236376,2048,1408,0.00937375155362216,1042,717,0.009836517586338899
A97 - Site 3.tif,A97 - Site 3_mask.tif,25.4492092618188,override,,50.0,resampled,0.508984185236376,2048,1408,0.006102822043678977,1042,717,0.006376536914045246
a_E200175-12116-L_11.tif,a_E200175-12116-L_11_mask.tif,33.72395833333334,override,,50.0,resampled,0.6744791666666669,7680,4790,0.0023026759307585246,5180,3231,0.0023287911867299056
a_E200175-12116-L_13.tif,a_E200175-12116-L_13_mask.tif,33.72395833333334,override,,50.0,resampled,0.6744791666666669,7680,4790,0.0001169428496868476,5180,3231,0.0001199169722846603
a_E200175-12116-L_14.tif,a_E200175-12116-L_14_mask.tif,33.72395833333334,override,,50.0,resampled,0.6744791666666669,7680,4790,0.001945160273138483,5180,3231,0.001962826336085389
a_E200175-12116-L_15.tif,a_E200175-12116-L_15_mask.tif,33.72395833333334,override,,50.0,resampled,0.6744791666666669,7680,4790,0.00026813674321503133,5180,3231,0.00027383133232715406
a_E200175-12116-L_18.tif,a_E200175-12116-L_18_mask.tif,33.72395833333334,override,,50.0,resampled,0.6744791666666669,7680,4790,0.0018101133002783576,5180,3231,0.0018259405446034974
a_E200175-12116-L_19.tif,a_E200175-12116-L_19_mask.tif,33.72395833333334,override,,50.0,resampled,0.6744791666666669,7680,4790,6.64089683368128e-05,5180,3231,6.787527678892581e-05
a_E200175-12116-L_2.tif,a_E200175-12116-L_2_mask.tif,33.72395833333334,override,,50.0,resampled,0.6744791666666669,7680,4790,0.0013827363865692415,5180,3231,0.0013974181105100324
a_E200175-12116-L_21.tif,a_E200175-12116-L_21_mask.tif,33.72395833333334,override,,50.0,resampled,0.6744791666666669,7680,4790,0.0010825776356993737,5180,3231,0.0011007625213753348
a_E200175-12116-L_22.tif,a_E200175-12116-L_22_mask.tif,33.72395833333334,override,,50.0,resampled,0.6744791666666669,7680,4790,0.003127609603340292,5180,3231,0.0031754994150537327
a_E200175-12116-L_23.tif,a_E200175-12116-L_23_mask.tif,33.72395833333334,override,,50.0,resampled,0.6744791666666669,7680,4790,0.0016377707463465553,5180,3231,0.0016670072380378788
a_E200175-12116-L_24.tif,a_E200175-12116-L_24_mask.tif,33.72395833333334,override,,50.0,resampled,0.6744791666666669,7680,4790,0.004045211377870564,5180,3231,0.0040728153541524014
a_E200175-12116-L_25.tif,a_E200175-12116-L_25_mask.tif,33.72395833333334,override,,50.0,resampled,0.6744791666666669,7680,4790,0.004138504697286012,5180,3231,0.0041957197946055885
a_E200175-12116-L_26.tif,a_E200175-12116-L_26_mask.tif,33.72395833333334,override,,50.0,resampled,0.6744791666666669,7680,4790,0.002612240127000696,5180,3231,0.0026400256205270133
a_E200175-12116-L_3.tif,a_E200175-12116-L_3_mask.tif,33.72395833333334,override,,50.0,resampled,0.6744791666666669,7680,4790,0.0015170765918580376,5180,3231,0.0015252219987596032
a_E200175-12116-L_4.tif,a_E200175-12116-L_4_mask.tif,33.72395833333334,override,,50.0,resampled,0.6744791666666669,7680,4790,0.00041103970946416144,5180,3231,0.00041794679677688035
a_E200175-12116-L_6.tif,a_E200175-12116-L_6_mask.tif,33.72395833333334,override,,50.0,resampled,0.6744791666666669,7680,4790,0.0004917743128044537,5180,3231,0.0004966964576992432
a_E200175-12116-L_7.tif,a_E200175-12116-L_7_mask.tif,33.72395833333334,override,,50.0,resampled,0.6744791666666669,7680,4790,0.00012199895615866389,5180,3231,0.0001279831363396823
a_E200175-12116-L_8.tif,a_E200175-12116-L_8_mask.tif,33.72395833333334,override,,50.0,resampled,0.6744791666666669,7680,4790,0.00043656489213639527,5180,3231,0.0004426232838489106
b_E200175-12116-L_1.tif,b_E200175-12116-L_1_mask.tif,33.72395833333334,override,,50.0,resampled,0.6744791666666669,7680,4790,0.0007347936238691719,5180,3231,0.0007520652367449024
b_E200175-12116-L_10.tif,b_E200175-12116-L_10_mask.tif,30.33854166666667,override,,50.0,resampled,0.6067708333333335,7680,4790,0.004587981689283229,4660,2906,0.004627395148117407
b_E200175-12116-L_11.tif,b_E200175-12116-L_11_mask.tif,30.33854166666667,override,,50.0,resampled,0.6067708333333335,7680,4790,0.002594570937717467,4660,2906,0.0026196355623558185
b_E200175-12116-L_12.tif,b_E200175-12116-L_12_mask.tif,33.72395833333334,override,,50.0,resampled,0.6744791666666669,7680,4790,0.00044401313500347947,5180,3231,0.00045367691607245923
b_E200175-12116-L_13.tif,b_E200175-12116-L_13_mask.tif,33.72395833333334,override,,50.0,resampled,0.6744791666666669,7680,4790,0.002368840248782185,5180,3231,0.0024174592419717767
b_E200175-12116-L_14.tif,b_E200175-12116-L_14_mask.tif,33.72395833333334,override,,50.0,resampled,0.6744791666666669,7680,4790,0.0004932965814196242,5180,3231,0.0005104388112744659
b_E200175-12116-L_15.tif,b_E200175-12116-L_15_mask.tif,33.72395833333334,override,,50.0,resampled,0.6744791666666669,7680,4790,0.007046037752261656,5180,3231,0.007102167826401809
b_E200175-12116-L_16.tif,b_E200175-12116-L_16_mask.tif,33.72395833333334,override,,50.0,resampled,0.6744791666666669,7680,4790,0.0028546885873347253,5180,3231,0.0028943189110320028
b_E200175-12116-L_17.tif,b_E200175-12116-L_17_mask.tif,33.72395833333334,override,,50.0,resampled,0.6744791666666669,7680,4790,0.005355721555323591,5180,3231,0.005405465154768776
b_E200175-12116-L_18.tif,b_E200175-12116-L_18_mask.tif,33.72395833333334,override,,50.0,resampled,0.6744791666666669,7680,4790,0.0012661469206680584,5180,3231,0.001291721486707559
b_E200175-12116-L_19.tif,b_E200175-12116-L_19_mask.tif,33.72395833333334,override,,50.0,resampled,0.6744791666666669,7680,4790,0.0005547309933890049,5180,3231,0.0005710246657321867
b_E200175-12116-L_2.tif,b_E200175-12116-L_2_mask.tif,33.72395833333334,override,,50.0,resampled,0.6744791666666669,7680,4790,0.0022245509307585246,5180,3231,0.0022661738539175866
b_E200175-12116-L_20.tif,b_E200175-12116-L_20_mask.tif,33.72395833333334,override,,50.0,resampled,0.6744791666666669,7680,4790,0.0030039796450939456,5180,3231,0.003036163899673649
b_E200175-12116-L_21.tif,b_E200175-12116-L_21_mask.tif,33.72395833333334,override,,50.0,resampled,0.6744791666666669,7680,4790,0.0015278683890048712,5180,3231,0.001560055877604624
b_E200175-12116-L_22.tif,b_E200175-12116-L_22_mask.tif,33.72395833333334,override,,50.0,resampled,0.6744791666666669,7680,4790,0.0028842640918580378,5180,3231,0.0029166651729325825
b_E200175-12116-L_23.tif,b_E200175-12116-L_23_mask.tif,33.72395833333334,override,,50.0,resampled,0.6744791666666669,7680,4790,0.0019184662056367433,5180,3231,0.0019555369137541838
b_E200175-12116-L_24.tif,b_E200175-12116-L_24_mask.tif,33.72395833333334,override,,50.0,resampled,0.6744791666666669,7680,4790,0.005547038100208768,5180,3231,0.0056151854201993475
b_E200175-12116-L_25.tif,b_E200175-12116-L_25_mask.tif,33.72395833333334,override,,50.0,resampled,0.6744791666666669,7680,4790,0.003826684281489214,5180,3231,0.003894403755127989
b_E200175-12116-L_26.tif,b_E200175-12116-L_26_mask.tif,33.72395833333334,override,,50.0,resampled,0.6744791666666669,7680,4790,9.220598469032707e-05,5180,3231,9.6017226936447e-05
b_E200175-12116-L_27.tif,b_E200175-12116-L_27_mask.tif,33.72395833333334,override,,50.0,resampled,0.6744791666666669,7680,4790,0.00037216749304105776,5180,3231,0.0003819179306644488
b_E200175-12116-L_3.tif,b_E200175-12116-L_3_mask.tif,33.72395833333334,override,,50.0,resampled,0.6744791666666669,7680,4790,0.0020109983907446068,5180,3231,0.0020397237667432655
b_E200175-12116-L_4.tif,b_E200175-12116-L_4_mask.tif,33.72395833333334,override,,50.0,resampled,0.6744791666666669,7680,4790,0.0017860560194850382,5180,3231,0.001816739142644435
b_E200175-12116-L_5.tif,b_E200175-12116-L_5_mask.tif,30.33854166666667,override,,50.0,resampled,0.6067708333333335,7680,4790,0.0010231276096033402,4660,2906,0.0010432020180239788
b_E200175-12116-L_6.tif,b_E200175-12116-L_6_mask.tif,30.33854166666667,override,,50.0,resampled,0.6067708333333335,7680,4790,0.006651579897355602,4660,2906,0.006730635742536531
b_E200175-12116-L_7.tif,b_E200175-12116-L_7_mask.tif,30.33854166666667,override,,50.0,resampled,0.6067708333333335,7680,4790,0.005410523225469728,4660,2906,0.005470847646869434
C39 - Site 4.tif,C39 - Site 4_mask.tif,25.4492092618188,override,,50.0,resampled,0.508984185236376,2048,1408,0.007934917103160511,1042,717,0.008440478963049816
SEMS R15B Sample 2_10.00kV_0.10nA_16.9nm_500.00ns_005.tif,SEMS R15B Sample 2_10.00kV_0.10nA_16.9nm_500.00ns_005_mask.tif,16.9,override,,50.0,resampled,0.33799999999999997,6144,4096,0.01391275723775228,2077,1384,0.014601846260029333
SEMS R15B Sample 2_10.00kV_0.10nA_33.7nm_1.00µs_002.tif,SEMS R15B Sample 2_10.00kV_0.10nA_33.7nm_1.00µs_002_mask.tif,33.7,override,,50.0,resampled,0.674,6144,4090,0.0003834221551548492,4141,2757,0.00040028950478582454
SEMS R15B Sample 2_10.00kV_0.10nA_33.7nm_1.00µs_003.tif,SEMS R15B Sample 2_10.00kV_0.10nA_33.7nm_1.00µs_003_mask.tif,33.7,override,,50.0,resampled,0.674,6144,4090,0.0023355124923594133,4141,2757,0.0024135617733858634
SEMS R15B Sample 2_10.00kV_0.10nA_33.7nm_500.00ns_004.tif,SEMS R15B Sample 2_10.00kV_0.10nA_33.7nm_500.00ns_004_mask.tif,33.7,override,,50.0,resampled,0.674,6144,4096,0.0018335978190104167,4141,2761,0.001920792603990746
SEMS R15B Sample 2_20.00kV_0.10nA_15.0nm_500.00ns_018.tif,SEMS R15B Sample 2_20.00kV_0.10nA_15.0nm_500.00ns_018_mask.tif,15.0,override,,50.0,resampled,0.3,6144,4096,0.0032498041788736978,1843,1229,0.0035222227176742913
SEMS R15B Sample 2_20.00kV_0.10nA_15.0nm_500.00ns_019.tif,SEMS R15B Sample 2_20.00kV_0.10nA_15.0nm_500.00ns_019_mask.tif,15.0,override,,50.0,resampled,0.3,6144,4096,0.0035932461420694986,1843,1229,0.003995060588146736
SEMS R15B Sample 2_20.00kV_0.10nA_15.0nm_500.00ns_020.tif,SEMS R15B Sample 2_20.00kV_0.10nA_15.0nm_500.00ns_020_mask.tif,15.0,override,,50.0,resampled,0.3,6144,4096,0.0005409717559814453,1843,1229,0.0006357483972738756
SEMS R15B Sample 2_20.00kV_0.10nA_15.0nm_500.00ns_021.tif,SEMS R15B Sample 2_20.00kV_0.10nA_15.0nm_500.00ns_021_mask.tif,15.0,override,,50.0,resampled,0.3,6144,4096,0.07685999075571696,1843,1229,0.07901822787783211
SEMS R15B Sample 2_20.00kV_0.10nA_33.7nm_100.00ns_015.tif,SEMS R15B Sample 2_20.00kV_0.10nA_33.7nm_100.00ns_015_mask.tif,33.7,override,,50.0,resampled,0.674,6144,4096,0.0016144116719563801,4141,2761,0.0016604128588935077
SEMS R15B Sample 2_20.00kV_0.10nA_33.7nm_500.00ns_017.tif,SEMS R15B Sample 2_20.00kV_0.10nA_33.7nm_500.00ns_017_mask.tif,33.7,override,,50.0,resampled,0.674,6144,4096,0.0007054805755615234,4141,2761,0.0007437921908991987
SEMS R15B Sample 2_20.00kV_0.10nA_45.0nm_2.00µs_009.tif,SEMS R15B Sample 2_20.00kV_0.10nA_45.0nm_2.00µs_009_mask.tif,45.0,override,,50.0,resampled,0.9,6144,4096,0.0013710260391235352,5530,3686,0.0013817003686300445
