image,n_objects,n_fg_px,snr_mean,snr_median,snr_pooled,cnr_mean,cnr_median,cnr_pooled,weber_contrast_mean,weber_contrast_median,weber_contrast_pooled,mu_F_pooled,mu_B_pooled,sigma_B_mad_pooled,n_bg_px_pooled
A100 - Site 19.tif,1,147452,7.751736801727442,7.751736801727442,7.751736801727442,1.6061106504536458,1.6061106504536458,1.6061106504536458,0.26134206843495206,0.26134206843495206,0.26134206843495206,80.44907495320511,63.78053738460598,10.3782,65428
A100 - Site 20.tif,1,52652,4.983306705321754,4.983306705321754,4.983306705321754,0.9870245063285881,0.9870245063285881,0.9870245063285881,0.24698568745681604,0.24698568745681604,0.24698568745681604,88.65900630555345,71.09865589869003,17.7912,52749
A100 - Site 3.tif,1,111761,7.975995100385585,7.975995100385585,7.975995100385585,1.4953519456092437,1.4953519456092437,1.4953519456092437,0.23074128751159814,0.23074128751159814,0.23074128751159814,106.42689310224497,86.47381393624907,13.343399999999999,53960
A104 - Site 17.tif,4,48754,5.027071168804398,4.875132926659978,4.235475194864282,1.3048481708100301,1.1834176642619885,0.8640752866233883,0.3177279343520475,0.32057057364281205,0.2562956961551209,87.91321737703574,69.97812508912529,20.7564,70126
A104 - Site 2.tif,2,115424,3.6227955730184744,3.6227955730184744,3.462395091630412,0.510422309328833,0.510422309328833,0.5533701223103012,0.1646521587226827,0.1646521587226827,0.19022529132443688,128.33367410590517,107.82301051694016,37.065,58382
A104 - Site 22.tif,5,30103,5.409643500876524,5.152155337104805,4.747491881968079,1.0950249962106335,1.1477258491536095,1.2992562873175906,0.27369749725238346,0.28661407384777843,0.3767887232350752,91.50220908215128,66.46060323865694,19.273799999999998,57987
A104 - Site 44.tif,1,50705,6.042124147863651,6.042124147863651,6.042124147863651,1.4144573902783537,1.4144573902783537,1.4144573902783537,0.30565238686914337,0.30565238686914337,0.30565238686914337,98.53858593827039,75.47076612903226,16.3086,59520
A104 - Site 5.tif,1,60581,4.619202699780683,4.619202699780683,4.619202699780683,2.2359204114374602,2.2359204114374602,2.2359204114374602,0.9381685174062782,0.9381685174062782,0.9381685174062782,102.72644888661462,53.00181483429774,22.238999999999997,38020
A106 - Site 6.tif,1,28853,5.833079211913761,5.833079211913761,5.833079211913761,0.9704343330172233,0.9704343330172233,0.9704343330172233,0.19956923794583842,0.19956923794583842,0.19956923794583842,86.48123245416421,72.09357302314652,14.825999999999999,42555
A110 - Site 29.tif,2,42941,3.636282646326736,3.636282646326736,3.4354796729482495,0.8689425462718735,0.8689425462718735,0.6550919169295307,0.315398957240922,0.315398957240922,0.2356117111478394,101.86884329661629,82.44405776927093,29.651999999999997,51723
A110 - Site 37.tif,3,49326,5.954024791783486,5.806721271690089,4.95625355157557,1.5772040762536133,2.013922051545316,0.9630259033846924,0.3562407288595882,0.3759684160958474,0.2411647890159232,102.8739812674857,82.88503039684142,20.7564,44577
A112 - 219.tif,52,115312,3.449678887205293,3.4367704158112122,3.7181981622246227,1.1046565895340636,0.9604154680080468,1.323931940038604,0.47207086150494015,0.45919701424373344,0.5529593691952195,154.3528167059803,99.39269485230642,41.5128,272219
A112 - 220.tif,30,62016,3.4310201089079686,3.308339558177401,3.738613613995194,0.9993297298582592,0.9532734721069028,1.2675255694376473,0.4086922729701675,0.38543520580494883,0.5129422936207187,155.20031927244582,102.58178380081941,41.5128,184034
A112 - 221.tif,21,100533,3.531696001262688,3.6125835585345296,3.7393916667529217,1.2557434801134206,1.227244145548697,1.399925219168784,0.5640899692321847,0.5637094880995178,0.5983950829793896,160.77664050610247,100.58629572385368,42.9954,186336
A112 - 222.tif,21,60499,3.4993242613625455,3.4827926542302605,3.8629859064973733,1.0519372595872651,1.0052153580237806,1.4833806048007339,0.4414213748065779,0.3997449799881338,0.6233725414853176,160.363361377874,98.7840789920683,41.5128,135406
A112 - 223.tif,31,108686,3.4161653013273643,3.4190979442251592,3.4682044803517846,1.0300334744388375,0.82445333276793,1.2859824451651514,0.43820793589136453,0.33302210312862307,0.589299541618239,169.68467879947738,106.7669588709564,48.925799999999995,213207
A112 - 224.tif,30,56936,3.255061954311701,3.1873673766691697,3.263059520629552,1.001551857091767,0.9643233675567855,1.0959845035178648,0.43807731982082126,0.4410373798785078,0.5057436843488885,159.6477975270479,106.02587889387372,48.925799999999995,157812
A112 - Site 13.tif,5,22146,5.833223547575055,5.653826115938228,4.506921709902637,1.42102277745392,1.0052646796016729,0.9307322626613915,0.33241639086160013,0.19234245213099427,0.2602580976973555,100.22943195159397,79.53087715295996,22.238999999999997,43835
A112 - Site 2.tif,1,2721,4.705381218306871,4.705381218306871,4.705381218306871,1.0670219373395098,1.0670219373395098,1.0670219373395098,0.2932700854489153,0.2932700854489153,0.2932700854489153,118.59536934950386,91.70193502574116,25.2042,5633
A112 - Site 20.tif,3,32817,5.016185385684557,4.331136192972497,5.000624637131269,1.8816678323321085,1.3813229476543576,1.862237072241365,0.569448224139469,0.4719468243002998,0.5933738371973676,118.62281744217935,74.44757449067622,23.7216,30138
A112 - Site 21.tif,3,12225,3.6753282846452784,3.7131972019702575,3.4895862201217787,0.9487627647609501,0.8530551326290069,1.2189800882350321,0.38056942302197266,0.22889589215034,0.5368522840379529,103.47321063394683,67.32801304541186,29.651999999999997,20237
A112 - Site 34.tif,5,14664,5.985898838759592,6.148161724095599,5.737203801776897,0.776073922815575,0.5886378921603203,0.7783197332687959,0.15060433337092533,0.14626004362960324,0.15695461367059999,153.10761047463174,132.33674740905084,26.686799999999998,32903
A112 - Site 4.tif,4,12090,5.07548864192035,4.911795902389908,4.838792702873697,0.9091905700051837,0.9470950039273518,0.7315088110632008,0.22511093543329105,0.22728849410853907,0.17810037734452486,121.95789909015716,103.52080470704294,25.2042,28383
A112 - Site 46.tif,3,5158,5.051285184106628,5.384115409650535,4.611698165454837,0.3956096675594718,0.5252418045908224,0.43414757728983083,0.09852041678061459,0.10809949943702668,0.10392395450002696,109.39685924777045,99.09818407399052,23.7216,17732
A112 - Site 5.tif,5,18305,4.718649268074255,4.482900832864323,3.9902910167220678,1.1236587417914912,1.1511402625970382,1.059865136111967,0.3322918561612636,0.3175827179533355,0.3616761451047959,147.90013657470635,108.61623529411764,37.065,42500
A112_001.tif,24,37580,3.377904945868139,3.149780180677712,3.647212449070525,1.1421773247154439,1.0292062219479754,1.422568408093455,0.5095041126928936,0.4822828756540203,0.6394588894859475,156.81335816923897,95.64946042167195,42.9954,126117
A112_002.tif,16,46060,3.5921948714465723,3.7319173968296377,3.9308489688604236,1.3134915945035917,1.3387264495316837,1.7098679098605922,0.5809412300585517,0.5654064706261823,0.7698705501124508,169.00842379504994,95.49196904633115,42.9954,90587
A112_003.tif,24,31069,3.3259101647010234,3.17416307216268,3.378828138930748,1.1606797801248714,1.0255764712123843,1.2261683273085968,0.5378766102874172,0.51054463572683,0.5696061776951783,145.27406739837136,92.55446968614564,42.9954,104985
A112_004.tif,33,66104,3.245068991420778,3.2974623689922073,3.6948971172592335,1.16018252416774,1.0933572151405175,1.5978499856617572,0.5555125733969842,0.5486501696288345,0.7619523478635186,175.29774295050223,99.49062649477585,47.4432,173521
A112_005.tif,34,68360,3.4137307675245956,3.390331564011675,3.330687860635535,1.27001734315905,1.1937185541296318,1.214613579240502,0.5916985949193703,0.6032374786751535,0.5739938289456976,148.1423346986542,94.11875190904902,44.477999999999994,193159
A112_006.tif,20,64095,3.355874216404947,3.254704294582398,3.4868607118698782,1.2598448348824174,1.1831758384701523,1.4455625217535775,0.6113215514332004,0.6171308206362083,0.7081584300611852,160.25821046883533,93.81928961707223,45.9606,131957
A112_007.tif,19,26201,3.309627881066825,3.260777433290932,3.365759852319721,1.207514280510173,1.2380332750727818,1.3519994431948301,0.5848811601479942,0.5913283962120209,0.671380486442842,164.6724934162818,98.5248390449002,48.925799999999995,83719
A112_008.tif,22,52747,3.4743832710717597,3.5702822429278696,3.699639916620777,1.2988312595251306,1.4281376985777134,1.6386546525265324,0.599354953541768,0.6569212782924345,0.7950831482891223,170.03767038883728,94.72411934953979,45.9606,115057
A112_009.tif,26,67225,3.354440237494511,3.3311756965676493,3.454997716931175,1.212027956646793,1.3640189007519996,1.4152264119460913,0.5786729139780833,0.6147361726042517,0.6938162177032051,169.03852733358124,99.7974429338369,48.925799999999995,175279
A112_010.tif,47,56473,3.4465723034715183,3.4109981036306567,3.6386152664505813,1.3179701945333826,1.1760253496133248,1.5147939033494107,0.620311398225973,0.5443865614441182,0.71323979015679,41592.45076408195,24277.074933140804,11430.846,196682
A113 - Site 15.tif,3,13213,4.541629192844513,4.71695247397353,4.779246620643349,0.4612750852142748,0.5984549458611609,0.5896187909872548,0.13438782065025914,0.15859181759456972,0.14073297555601547,141.71422084310905,124.23084444685878,29.651999999999997,36817
A124 - Site 12.tif,2,33988,5.825278385568572,5.825278385568572,5.912379778575097,0.9102237763053359,0.9102237763053359,1.275352342118926,0.1971536598051795,0.1971536598051795,0.2750366176265321,105.18833117570908,82.49828257384932,17.7912,30569
A124 - Site 22.tif,2,31634,6.364484633278128,6.364484633278128,3.653964243687189,1.3607630950401637,1.3607630950401637,0.6735739752790597,0.26800902607582966,0.26800902607582966,0.22600193751223308,108.34734779035216,88.37453226864174,29.651999999999997,25923
A125 - Site 10.tif,2,39830,4.87286049802835,4.87286049802835,5.108546383798239,0.5373282393327016,0.5373282393327016,1.4282942019073035,0.15847702232514818,0.15847702232514818,0.3880968289937397,90.8871704745167,65.47610265526053,17.7912,45005
A125 - Site 19.tif,3,29648,6.05550426624733,5.976332813771445,5.6352115552183415,2.07618136870281,2.316047131907983,2.0091944476414088,0.5330865420017928,0.5750578907130041,0.554105065640591,133.67623448461953,86.01492745535714,23.7216,35840
A125 - Site 29.tif,1,32837,3.9932480769882774,3.9932480769882774,3.9932480769882774,0.8164757957214994,0.8164757957214994,0.8164757957214994,0.25701426584457976,0.25701426584457976,0.25701426584457976,106.56701282090324,84.77788654747798,26.686799999999998,19409
A125 - Site 37.tif,3,19729,4.081660482086104,3.4388174984569395,3.930523760005193,0.79529313931347,0.6324566094010635,0.7024344804866925,0.23650282264893882,0.2895210265600337,0.21760069798739298,87.41091793806072,71.78947751949282,22.238999999999997,27446
A125 - Site 4.tif,4,32794,5.757173788487874,4.7053500654491724,4.4124585010082695,1.392345033254964,1.1700503909966256,0.9563851940413602,0.28984789466347183,0.3310751537846439,0.27672595716650883,91.58675367445264,71.7356400232887,20.7564,60115
A126 - Site 19.tif,1,80516,6.654222108291081,6.654222108291081,6.654222108291081,0.5309348053825649,0.5309348053825649,0.5309348053825649,0.0867074790157064,0.0867074790157064,0.0867074790157064,98.65549704406578,90.78385761415453,14.825999999999999,47589
A126 - Site 4.tif,3,58116,5.670552374724607,6.072729666889797,4.900307499148897,1.6236481416426234,1.4060750065184842,1.5579617598615205,0.40206133714001097,0.40091141004571734,0.4661282468034546,116.24313442081355,79.28578872250289,23.7216,44141
A126 - Site 47.tif,2,18611,5.002919780892425,5.002919780892425,4.8256814314537895,0.9236499270268119,0.9236499270268119,1.0639202972649493,0.23071104215397806,0.23071104215397806,0.28282505432342037,100.16377411208425,78.08061884329486,20.7564,16547
A126 - Site 48.tif,7,9292,4.776201183876238,4.937889737273172,4.187040031674293,1.0863798368834208,1.3862303696916527,1.1398944967157496,0.2851596103167809,0.2993520657836412,0.3740860039356339,117.94640551011624,85.83626146293265,28.1694,32387
A13 - Site 8.tif,32,117807,4.2522089687450295,4.095260756309575,4.076339368628574,1.767164051210735,1.669473877054605,1.6273605613678859,0.715659977739097,0.671059118675541,0.6645057754449923,35176.6617433599,21133.397229546445,8629.4733,210868
A139 - Site 18.tif,2,327573,7.530453094529654,7.530453094529654,5.280787846514491,1.3388045982468657,1.3388045982468657,0.9893106870457192,0.2194982662511525,0.2194982662511525,0.23052917449258323,101.78084884895885,82.71307251908397,19.273799999999998,83840
A139 - Site 20.tif,4,105838,5.3874430494823216,4.973306623823828,3.9324831340095474,0.7054435029316222,0.703526277379527,0.44700048851747637,0.16185776645615324,0.12485208508500664,0.12824636755957197,122.43628942345849,108.51910800919227,31.1346,93992
A139 - Site 5.tif,5,252792,4.081844817024704,3.9431767456634517,3.0115481502606696,-0.0166884519359237,0.3830202563326554,0.5737308047517342,0.05803887951858511,0.06847329523105024,0.23534609997012323,151.80732380771542,122.8864719037308,50.4084,140855
A140 - Site 11.tif,3,142222,4.494215672468308,5.087571173549415,4.655419427859688,0.8895114606216467,0.9438368206718561,0.8292322084633663,0.2629710524012527,0.22984980039271605,0.21672546606064533,96.62974785898103,79.4178724389397,20.7564,86390
A30_Site1.tif,28,130047,3.379750992549442,3.3063992801850945,3.083747958128394,1.054863532426545,0.9969998162120051,1.0827397349260606,0.4625939035137555,0.4595547063446182,0.5410970941402535,31724.86321099295,20585.895159763564,10287.7614,237695
A30_Site2.tif,20,92679,3.2687346746734347,3.2157958316047193,2.9221262435798887,0.9218548053828431,0.7595915905818058,0.8663934951964932,0.39620604845096724,0.34754396040205526,0.42145239738845885,35629.20008847743,25065.348761543057,12192.902399999999,169041
A30_Site3.tif,35,200731,3.127455002799065,3.1577341487696167,2.8359852804095027,0.9088545502094897,0.8701583728535639,0.8925740920496585,0.41082343415572736,0.3723617169739403,0.45928216189935506,36740.072465139914,25176.811876680254,12954.958799999999,368992
A30_Site4.tif,32,129466,3.572783292681185,3.381208648483625,2.684079596980229,1.1327996031459198,1.101307688700827,0.68755791301996,0.46335190899178164,0.40670454661047983,0.3443778840687814,32726.720559838104,24343.394032031167,12192.902399999999,221784
A30_Site5.tif,16,58809,3.6131071525647243,3.4563518971125147,2.8803165238394923,1.13642948874802,1.1007495231835254,0.8207151137516547,0.4667604990297071,0.4856386965160013,0.39848249750243925,37314.38189732864,26682.051412130433,12954.958799999999,151190
A31_Site1.tif,20,55304,2.9345921153358896,2.69558230789384,2.7268615860701426,0.679217939754529,0.6085902160419876,0.6634776760724945,0.3073455835566149,0.2646010282787091,0.3215483424375928,24936.267882974105,18868.978971269415,9144.6768,165155
A31_Site2.tif,30,277857,3.2407190542569135,3.159899038959679,2.859447131562956,0.9670353402648257,0.8975069563118001,0.9137522099004409,0.4183279827702217,0.38035509030800263,0.4696276891750598,31604.8486451664,21505.343753357236,11052.783,400255
A31_Site3.tif,19,168912,2.9208882385234967,2.925359424801126,2.6590604951618553,0.6734241132484443,0.6195654783460883,0.7555280223361178,0.2992936947254593,0.2815427969720479,0.3969083969522062,27383.3761840485,19602.843138311684,10298.139599999999,204097
A31_Site4.tif,39,214581,3.157425998040257,3.133645526195858,3.192652018305278,0.8942851664949589,0.81566124310752,1.1732336257433942,0.4038979326825623,0.35119699497084944,0.5809760028254651,32845.24219758506,20775.29458946839,10287.7614,393843
A31_Site5.tif,46,168101,3.081964562353179,3.0719816235134982,2.448205015076857,0.7259919991153024,0.6699522406255785,0.47496249851718103,0.31996558537186476,0.26377147817152824,0.24070153289877755,26119.384203544298,21052.10923896943,10668.7896,435449
A32 - Site 1.tif,25,298394,3.1028184162253183,3.0288104235063646,2.5873649582672895,0.8832363313499211,0.8474738254015549,0.7467390259446143,0.40444037077845635,0.42037230996581604,0.40569841640882914,37462.64248610897,26650.554662935174,14479.0716,361607
A32 - Site 2.tif,30,76584,3.631852622591438,3.6739290408998713,3.3240641985972728,1.2234300183686386,1.1720585727176491,1.1749318051355706,0.5136491898328651,0.4560713115866044,0.5467005237599829,35463.74155176016,22928.64132840881,10668.7896,164889
A32 - Site 3.tif,38,61508,3.6238598440975696,3.578314405269434,3.215398340366267,1.2583497165530726,1.254951600672022,1.125105249918935,0.5302949904584164,0.5461699611888041,0.5382523891315482,35243.53684073617,22911.41368590901,10960.861799999999,177248
A32 - Site 4.tif,31,42656,3.6451247508582374,3.548425500879459,3.172379664606417,1.1560758433169658,1.193203780835265,0.988755939694637,0.46758803123323034,0.45667535004455995,0.4528050911033887,32834.22660352588,22600.572371744744,10350.0306,144497
A32 - Site 5.tif,33,62733,3.3940434570788267,3.223505583740692,3.11078081388053,1.093988682114224,1.1390088541725152,0.9655201516012063,0.469523136009477,0.41100067495991754,0.4500712517494049,35558.85642325411,24522.144260394412,11430.846,186302
A33 - 216.tif,66,166789,3.488778842495165,3.4204645348478704,3.396289631486844,1.4160891783848144,1.331609418462986,1.429458941941018,0.6809466274448166,0.6670209021468728,0.7267829149758191,191.3428823243739,110.8088808718527,56.3388,332625
A33 - 217.tif,61,261722,3.246308543835196,3.165692238006292,2.957670944947275,1.0727889663690868,1.0608988902272196,1.103229017255359,0.5010965768224258,0.503153573263172,0.5949116015377995,188.5568465776664,118.22401090437391,63.751799999999996,394704
A33 - 218.tif,64,226778,3.6358029985175704,3.6033065381662244,3.59452801233166,1.389474918625239,1.3407267347418206,1.4659165245949326,0.6202173016366075,0.5972750843354101,0.6886726549395211,47936.578843626805,28387.135128528946,13335.987,466393
A33 - 225.tif,47,132681,3.476044881328209,3.2200087802136337,3.5262751608378307,1.1997561973298438,1.0325196663544067,1.4309637890928828,0.5251647589913261,0.48553027391640036,0.6829361060073362,48369.96998063023,28741.417934979254,13717.0152,259794
A33 - Site 1.tif,26,153086,3.583951062074308,3.670301529638314,3.6229893831052973,1.1295268361915627,1.1623619244483745,1.335009840569944,0.46352037871722146,0.49546333502654394,0.5834885390146891,42794.29482121161,27025.326528624024,11811.8742,246349
A33 - Site 2.tif,34,147947,3.7665228556123207,3.78696254127278,3.396924851768345,1.2956931085503074,1.1644111181647916,1.0524851155849437,0.5255806492022581,0.47516591286361926,0.448928202052201,38829.72485417075,26798.929580616536,11430.846,259190
A33 - Site 3.tif,20,169158,3.9380696592818154,3.9438991516556996,3.6442327289754357,1.4509624452405212,1.4608323403723857,1.2276472545982857,0.5729517525795622,0.5886205356916375,0.5080090349025231,37490.99680180659,24861.2547631221,10287.7614,207322
A33 - Site 4.tif,35,97819,3.4970009064325214,3.4018555349577446,3.6260360026797103,1.0681979688252088,1.0274066403644138,1.3397780907460104,0.4518329499633939,0.49434819275967895,0.5860135393090095,41061.589946738364,25889.810477041778,11324.0988,170048
A33 - Site 5.tif,30,612275,3.653071887168933,3.716309137237096,3.6011735875587374,1.2446610088976406,1.1659429651753772,1.4445174540256875,0.5252943364227282,0.5114717021738184,0.6697949810194201,48025.2041484627,28761.138160288585,13335.987,414989
A33_001.tif,41,109410,3.5962097704475653,3.584673027427756,3.427663103425594,1.5379780260017393,1.4351102483290523,1.5811168415491046,0.7577698530991842,0.7753923479431952,0.8562562846065424,45711.270587697654,24625.516943301925,13335.987,205686
A33_002.tif,40,189422,3.380576311625515,3.2576837177492313,3.1209797079305637,1.3426588587700965,1.307108808807072,1.1621913244026456,0.6771388586786682,0.621342934548108,0.593321531909963,43999.70737295562,27615.083642412024,14098.043399999999,306017
A33_003.tif,56,82163,3.4793922487600875,3.3890013241206134,3.2809412923743326,1.294234230721368,1.1790779044813735,1.2794093588875726,0.5966529212890073,0.5910603577779984,0.6392150619642212,45004.72157783918,27455.043954943292,13717.0152,259584
A33_004.tif,52,131238,3.534212475319823,3.389464558661862,3.3463584630489116,1.4408060086374037,1.3976894479502975,1.3948917957601839,0.6934878588330874,0.6800182412730411,0.7147915048416743,47177.10684405432,27511.86176910936,14098.043399999999,295889
A33_005.tif,53,122950,3.789519126953943,3.8500390803635667,3.858734833712016,1.6084970474610223,1.6922300724757655,1.6770796617437398,0.7254906414697171,0.7670434180743874,0.7687189448138304,45578.89042700284,25769.436439090463,11811.8742,312291
A33_10.00kV_0.10nA_22.5nm_500.00ns_006.tif,2,179260,4.509468255456589,4.509468255456589,4.62269333418646,1.3912185154250596,1.3912185154250596,1.5734255256895646,0.4478374387485381,0.4478374387485381,0.5160010941661858,239.8761798504965,158.22955588120504,51.891,135797
A33_10.00kV_0.10nA_33.7nm_50.00ns_003.tif,4,55134,3.382807910550177,3.6778811569595566,2.063267953707726,0.8374053908199574,0.8649409802790173,0.40429568848275865,0.361979299371958,0.34207453737314053,0.24370249999272642,174.3630609061559,140.1967600006743,84.5082,59321
A33_10.00kV_0.10nA_33.7nm_500.00ns_004.tif,3,44828,3.5964214614331715,3.8609527377752944,1.6178860132082533,0.9547580308499866,0.9313725631235565,0.3532658743139914,0.39858886613708044,0.3852641399150412,0.2793454440761617,167.9074462389578,131.24480726737048,103.782,40730
A33_10.00kV_0.10nA_45.0nm_500.00ns_005.tif,8,60771,4.260752237297847,4.160056195419811,2.325992889854609,1.450574689388253,1.4430178604937072,0.7403772989566979,0.555724632018408,0.524459400308275,0.4669336648474867,182.7714041236774,124.59418479431402,78.5778,69645
A33_10.00kV_0.20nA_42.2nm_50.00ns_007.tif,10,342499,3.0941212469165524,3.2383493046662295,3.080924095256825,0.8980376349562296,0.8111707971904139,1.0221157478112246,0.418769609514273,0.3541680583666887,0.4964598812567295,141.60112000327007,94.62406695419634,45.9606,222122
A33_15.00kV_0.20nA_33.7nm_500.00ns_016.tif,5,539981,4.114903889559022,4.040446411604347,3.598787235928168,1.8987037508525035,1.4779719337834545,1.8586616736121162,0.918056690001721,0.8077296778555241,1.0681192861413886,197.41579240751062,95.45667588892304,54.856199999999994,195180
A33_15.00kV_0.20nA_39.7nm_25.00ns_010.tif,4,196341,3.63855945842811,3.5097728608057808,2.6372485976427757,1.4648363030165106,1.2626871727538693,1.218469666286118,0.789599768661171,0.6582680333732167,0.8588157317822211,195.49923856963142,105.1740821956568,74.13,84822
A33_15.00kV_0.20nA_39.7nm_50.00ns_008.tif,2,73544,3.950146394567425,3.950146394567425,3.916281402981519,1.9856773829404937,1.9856773829404937,2.0310503767439188,1.0144883887294753,1.0144883887294753,1.077348265676622,185.8009218970956,89.44139264284803,47.4432,54831
A33_15.00kV_0.20nA_39.7nm_50.00ns_009.tif,4,185344,3.2507486593476367,3.58270969824564,2.353832226965366,1.130146597024022,0.9432603476087105,0.991408132899028,0.6189333276601016,0.46914478142153326,0.727679536150009,191.93854130697514,111.09614791607564,81.54299999999999,81073
A33_15.00kV_50pA_39.7nm_50.00ns_011.tif,11,345805,2.798857665606618,2.7236331899321375,2.0397201143325114,0.7714336737910702,0.7356629257451227,0.5344002733685473,0.441527095304437,0.33529832582309826,0.3550077922232956,190.5176096354882,140.6025933764831,93.40379999999999,227734
A33_20.00kV_0.20nA_22.5nm_50.00ns_018.tif,3,225232,3.7125361265947205,4.016388568122031,3.90977401610961,1.4111100678499104,1.5988535432387188,1.7786757393779191,0.6159044689354672,0.6146732570963681,0.8346286788582998,214.47534542160972,116.90395330935996,54.856199999999994,87041
A33_20.00kV_0.20nA_33.7nm_50.00ns_017.tif,5,142637,3.6835561002237447,4.06474285555222,3.6774612305932872,1.256687952982756,1.286106629220081,1.4475768808933935,0.528519935744447,0.4628553449897689,0.6491712814517707,218.0881608558789,132.24106149690132,59.303999999999995,113274
A33_20.00kV_0.20nA_33.7nm_500.00ns_014.tif,6,268733,4.071275768348308,4.2002447059411425,3.8130064494391886,1.5503978138865022,1.597727272403231,1.4435200463035442,0.6668903036196475,0.579418041517735,0.6092122091481699,226.1265345156717,140.52002167525112,59.303999999999995,179006
A33_20.00kV_0.20nA_33.7nm_500.00ns_015.tif,8,285673,4.182495729521492,4.231871549088789,3.6708425690846234,1.415530652610862,1.5205035743582747,1.3698666909699095,0.5843574601853776,0.5264851204507481,0.5953416130526146,223.1380389466278,139.86850033561763,60.7866,192183
A33_20.00kV_50pA_39.7nm_25.00ns_013.tif,6,501286,2.296830684788778,2.233358779132718,2.049907252680537,0.7049114934805624,0.7036911546315647,0.5986753219279615,0.44752112087488755,0.4528093303670402,0.41252904459315126,164.11639463300392,116.18620888333581,80.0604,308938
A33_20.00kV_50pA_89.9nm_15.00µs_021.tif,4,47016,8.44344695599137,8.281533725541351,8.335361728416572,4.745187965499314,5.313295962603044,5.476796545339164,1.525237186895139,1.2096601582205984,1.9159250161019687,173.01210226305938,59.33352239461358,20.7564,54656
A36 - Site 1.tif,25,62988,3.6556350977876764,3.6188620615765483,3.3515687095061217,1.1773827658802392,1.1096748114719288,1.0786913703292347,0.4690110638666677,0.4532245684563274,0.47459286593947425,40865.35016193561,27712.97156377821,12192.902399999999,163559
A36 - Site 2.tif,22,71810,3.4987299339642832,3.516041214247009,3.138954877597217,1.1488060369832716,1.1097415496942806,0.8979277370184928,0.4872152384956308,0.44340955113106406,0.40067686854799633,37076.94013368612,26470.73066332402,11811.8742,145992
A36 - Site 3.tif,21,76246,3.4816348241919295,3.6185238720173425,3.1261964656262253,1.0375666879767254,1.14312459650986,0.9920487474208965,0.42872365641637017,0.4846371497631959,0.46484539891866533,38117.40838863678,26021.454835281616,12192.902399999999,165616
A36 - Site 4.tif,33,64241,3.5761038329486854,3.6377505504117065,3.2395770234458054,1.1714623631406982,1.1694595022292817,1.1235540206070649,0.4885078335322402,0.48939383186447144,0.5309743887941466,41968.58686819944,27412.990821649328,12954.958799999999,165825
A36 - Site 5.tif,26,42951,3.606726914802908,3.4648254403871954,3.426756702204465,1.2355917928989255,1.0833205741866847,1.1886028651753089,0.5192197647404333,0.50704769802803,0.5310639713454642,35253.655328164656,23025.592651872823,10287.7614,124331
A37 - Site 2.tif,18,74718,3.1908465219931745,3.233273894253924,3.2043418360072735,1.1092814881677886,1.0633645872095898,1.1843045493280253,0.5237153826249691,0.4959927305194485,0.5862785588845832,31744.559650954256,20011.970453203427,9906.733199999999,135480
A37 - Site 3.tif,9,23840,3.7382209952588727,3.7989944960459,3.4021118472787655,1.528787935555044,1.577206202769743,1.495204370417377,0.6661594792273065,0.7511450898305537,0.7840990654027787,33703.814387583894,18891.223610370016,9906.733199999999,54349
A37 - Site 4.tif,21,72603,3.236157302742563,3.0804410413117935,3.3201717753271747,1.1114013167648902,1.08208565846877,1.3200346229332134,0.5242748440942291,0.5235034340294578,0.6599720530928033,37952.37225734474,22863.259767913907,11430.846,130555
A37 - Site 5.tif,34,132129,3.4423557812698413,3.1103227153583886,3.3010387346805765,1.21130432876215,1.0306632442550698,1.2913636534956148,0.5437054108498206,0.5631153881425408,0.6425733520731945,33960.29887458469,20675.057726776613,10287.7614,199734
A37 - Site 6.tif,27,43267,3.748548106865676,3.652197947688926,3.4667120289525455,1.3506836324626976,1.2059740534223082,1.2871781070331143,0.5601387533104356,0.5601946945626096,0.5905749362684716,35664.70619640835,22422.524951935135,10287.7614,131593
A41 - Site 12.tif,3,165487,4.325436179694017,4.545174048467971,4.734541536935049,0.8528920547197912,1.1934495369128182,1.8229273492617837,0.2787355860460174,0.31148309407478986,0.6260882217168238,168.46635083118312,103.60222070058136,35.5824,74481
A41 - Site 5.tif,4,185457,3.3929753165238927,3.5924973328695575,3.2630266624674586,0.4953930771853189,0.7436887962618055,1.16923728904228,0.24336731488661098,0.2590479134503676,0.5584311888019811,130.61960993653514,83.81480739702249,40.0302,59916
A44 - Site 13.tif,1,36853,3.597144153623803,3.597144153623803,3.597144153623803,1.0500594815791455,1.0500594815791455,1.0500594815791455,0.4122593540011105,0.4122593540011105,0.4122593540011105,154.6606517786883,109.51292433389972,42.9954,27661
A44 - Site 16.tif,3,247950,3.14187547366344,2.8306056641348785,2.8305982761758677,0.102093707829285,0.8937374702885977,0.8935784678659983,0.09875253431454999,0.2490985143257225,0.4613161228048105,130.09599516031457,89.02659262117679,45.9606,59603
A44 - Site 5.tif,1,32743,3.963164850845546,3.963164850845546,3.963164850845546,1.4438859518602887,1.4438859518602887,1.4438859518602887,0.5731346189233018,0.5731346189233018,0.5731346189233018,176.27364627553982,112.05248689425905,44.477999999999994,31284
A44 - Site 8.tif,1,79953,2.5644544034026837,2.5644544034026837,2.5644544034026837,0.5280478755456081,0.5280478755456081,0.5280478755456081,0.2593037629145167,0.2593037629145167,0.2593037629145167,136.87416357109802,108.69034747559648,53.373599999999996,52349
A44_10.00kV_0.10nA_16.9nm_250.00ns_054.tif,2,105748,2.196451814083627,2.196451814083627,2.2331891026855337,0.7281678076464502,0.7281678076464502,0.8095393731968179,0.4776289322692275,0.4776289322692275,0.5686366220227814,165.54630820441048,105.53515446123498,74.13,56778
A44_10.00kV_0.10nA_28.1nm_250.00ns_049.tif,1,46546,2.76010355077342,2.76010355077342,2.76010355077342,0.845981448437078,0.845981448437078,0.845981448437078,0.441968381922806,0.441968381922806,0.441968381922806,188.23795814892793,130.5423617496388,68.19959999999999,38065
A44_10.00kV_0.10nA_28.1nm_500.00ns_048.tif,1,40275,3.4842885708083275,3.4842885708083275,3.4842885708083275,1.2241616534729827,1.2241616534729827,1.2241616534729827,0.541634031252801,0.541634031252801,0.541634031252801,201.46644320297952,130.6837025606152,57.8214,38233
A44_10.00kV_0.10nA_33.7nm_250.00ns_050.tif,1,17653,2.699801014976109,2.699801014976109,2.699801014976109,0.8740566341243056,0.8740566341243056,0.8740566341243056,0.4787398735683038,0.4787398735683038,0.4787398735683038,192.1307992975698,129.92873373269987,71.1648,19364
A44_10.00kV_0.10nA_33.7nm_250.00ns_053.tif,1,9519,2.677114403965561,2.677114403965561,2.677114403965561,0.7367704530468284,0.7367704530468284,0.7367704530468284,0.3797112633785795,0.3797112633785795,0.3797112633785795,186.54722134678013,135.20743527611273,69.6822,15682
A44_10.00kV_0.20nA_30.7nm_500.00ns_047.tif,2,63721,2.940213001820325,2.940213001820325,2.4949039054389557,1.1125907353531497,1.1125907353531497,0.852927492466709,0.5968402639870733,0.5968402639870733,0.5194517324672838,166.45250388411984,109.54774036068915,66.717,42197
A44_15.00kV_0.10nA_16.9nm_500.00ns_067.tif,1,47080,2.573159792481742,2.573159792481742,2.573159792481742,0.7442972865940444,0.7442972865940444,0.7442972865940444,0.40697279546269405,0.40697279546269405,0.40697279546269405,186.93336873406966,132.86210602851452,72.64739999999999,31633
A44_15.00kV_0.10nA_22.5nm_500.00ns_068.tif,1,73455,3.218021281748536,3.218021281748536,3.218021281748536,0.9987848846676081,0.9987848846676081,0.9987848846676081,0.4500579054641956,0.4500579054641956,0.4500579054641956,214.69672588659725,148.0607947262406,66.717,27305
A44_15.00kV_0.10nA_33.7nm_250.00ns_052.tif,1,16811,2.6537853840629353,2.6537853840629353,2.6537853840629353,0.9218456173443508,0.9218456173443508,0.9218456173443508,0.5322619383184953,0.5322619383184953,0.5322619383184953,236.07013265124027,154.06643390553776,88.95599999999999,10311
A44_15.00kV_0.10nA_37.5nm_750.00ns_062.tif,2,36137,3.4313016696602756,3.4313016696602756,3.5313489602520898,1.1275590337528762,1.1275590337528762,1.0997333492356103,0.4995862046315465,0.4995862046315465,0.4522644714776474,193.71638486869415,133.38919230535834,54.856199999999994,32958
A44_15.00kV_0.20nA_45.0nm_250.00ns_060.tif,5,60528,3.186176695271741,2.9760459507852577,3.1215092965113604,1.2427446933601425,1.107629881444968,1.1613644536219843,0.638326857805322,0.6771373019129915,0.5924890998399851,180.49003766851706,113.33831903824522,57.8214,56896
A44_15.00kV_0.20nA_45.0nm_750.00ns_061.tif,2,24126,4.58620415201621,4.58620415201621,4.704295519067379,1.8460106040868605,1.8460106040868605,1.8995335085033942,0.6734800724966012,0.6734800724966012,0.6772530079818577,181.33930199784464,108.11684410646387,38.547599999999996,26300
A44_15.00kV_0.40nA_45.0nm_250.00ns_059.tif,5,90547,3.8908158016496572,3.9181650071552676,4.4511849907791685,1.6941485752078258,1.747350411322804,2.137779862834342,0.7790426875396971,0.8922386857147517,0.9240836534804833,184.7811523297293,96.03592441848204,41.5128,94838
A44_15.00kV_50pA_16.9nm_50.00ns_065.tif,1,33146,1.1749795793113589,1.1749795793113589,1.1749795793113589,0.3233299105224049,0.3233299105224049,0.3233299105224049,0.3796513077452544,0.3796513077452544,0.3796513077452544,172.46044771616485,125.00292410422031,146.7774,22913
A44_15.00kV_50pA_16.9nm_500.00ns_066.tif,1,40957,2.542152658444917,2.542152658444917,2.542152658444917,0.6371637479505485,0.6371637479505485,0.6371637479505485,0.3344711060505923,0.3344711060505923,0.3344711060505923,195.98776765876406,146.8655010713953,77.09519999999999,32201
A44_15.00kV_50pA_37.5nm_50.00ns_064.tif,2,22859,1.5282710085334017,1.5282710085334017,1.4417251206369084,0.4759239486444786,0.4759239486444786,0.5046041983474708,0.4675917729639807,0.4675917729639807,0.5384622051502626,198.78765475305133,129.21191959229898,137.8818,28256
A44_15.00kV_50pA_37.5nm_750.00ns_063.tif,2,15764,3.000452578545009,3.000452578545009,2.9867680802375514,0.9813482173857949,0.9813482173857949,0.9721729044406933,0.48660637691377023,0.48660637691377023,0.4825648924647242,199.26820603907638,134.40774636378492,66.717,18357
A44_20.00kV_0.10nA_33.7nm_250.00ns_055.tif,2,75806,2.1561125742236866,2.1561125742236866,2.51417036004671,0.703077078421872,0.703077078421872,1.0980563787401103,0.5248041321044861,0.5248041321044861,0.7754011281153234,205.01299369443052,115.47418239184516,81.54299999999999,32962
A44_20.00kV_0.40nA_16.9nm_250.00ns_057.tif,1,261765,3.188513764976252,3.188513764976252,3.188513764976252,1.1452583183805085,1.1452583183805085,1.1452583183805085,0.5605066758562196,0.5605066758562196,0.5605066758562196,212.72807288980573,136.31987365096077,66.717,37990
A44_20.00kV_0.40nA_33.7nm_250.00ns_056.tif,2,75107,2.564468001914979,2.564468001914979,2.8300583323229396,0.8484876333475531,0.8484876333475531,1.211065698868932,0.5472367724043038,0.5472367724043038,0.7480365714698126,201.40053523639608,115.21528697741766,71.1648,32459
A44_20.00kV_0.40nA_45.0nm_250.00ns_058.tif,5,120963,3.2626485821655153,3.0073764608389353,3.449830533292163,1.191908326578004,0.8748353176700217,1.452768998575668,0.5803212559988373,0.5003525585907738,0.7274532973330297,148.32684374560816,85.8644595297202,42.9954,136557
A50 - Site 4.tif,1,34194,3.0493507790397447,3.0493507790397447,3.0493507790397447,0.7492668732484724,0.7492668732484724,0.7492668732484724,0.3257563218791372,0.3257563218791372,0.3257563218791372,117.54515412060596,88.66271438988048,38.547599999999996,31543
A51 - Site 11.tif,1,460283,6.883976318446196,6.883976318446196,6.883976318446196,2.2350846534983853,2.2350846534983853,2.2350846534983853,0.4807779604739757,0.4807779604739757,0.4807779604739757,91.85564967639473,62.032021088553535,13.343399999999999,97873
A51 - Site 19.tif,2,618865,9.91587412786181,9.91587412786181,8.770094581009369,3.1380292192993617,3.1380292192993617,4.212080191975622,0.5767236095610523,0.5767236095610523,0.9241041892027114,130.02542234574585,67.57712137739448,14.825999999999999,127429
A51 - Site 5.tif,2,101793,5.459799123720451,5.459799123720451,5.290883955757615,0.8438358753319508,0.8438358753319508,0.6711121832917896,0.18295431120337247,0.18295431120337247,0.14526955361362148,70.59838102816501,61.64346271491822,13.343399999999999,71597
A51 - Site 9.tif,1,181277,7.428363286415565,7.428363286415565,7.428363286415565,1.2363817939720436,1.2363817939720436,1.2363817939720436,0.1996746591197798,0.1996746591197798,0.1996746591197798,77.09303993336165,64.26162238679717,10.3782,57927
A51_10.00kV_0.10nA_14.4nm_50.00ns_086.tif,9,324363,1.6485622866756424,1.6965506935522623,1.3006850438050428,0.45926568898996617,0.563735988456971,0.178807736143335,0.3835042863779045,0.40187240198122737,0.15938261243533833,127.27411264540036,109.77748956960913,97.85159999999999,145728
A51_10.00kV_0.10nA_14.4nm_700.00ns_087.tif,8,347432,3.0693089161134384,2.9321927778817454,2.2226718178031595,0.7929218814321731,0.6423814505188399,0.48649129609004954,0.3379502456969898,0.2997526492337025,0.28020778367501575,151.58532892767505,118.4068171259872,68.19959999999999,133458
A51_10.00kV_0.10nA_42.2nm_50.00ns_085.tif,16,257601,2.965316943420869,1.8274107272052154,1.521407625591202,0.5588204400035002,0.5297260383328526,0.13995856745971233,0.28622718523027,0.28885055652236413,0.10131286899595598,178.19547672563382,161.80277352708845,117.1254,262049
A51_10.00kV_0.20nA_14.4nm_700.00ns_088.tif,11,466925,3.353635829539485,3.3817039713261554,1.852789496991491,0.9011513290144879,0.7926793865258024,0.10831823688056676,0.3634143673472438,0.32286851419129087,0.06209230232027673,131.85339401402794,124.1449483489866,71.1648,208902
A51_10.00kV_0.40nA_14.4nm_700.00ns_089.tif,7,738135,3.647114551021217,4.150174267571379,2.172517804713585,0.968869783553658,0.5071766456079022,0.26981910902764455,0.3422121310546332,0.2730478881269142,0.14180863718459222,157.82776998787486,138.22611324400177,72.64739999999999,240154
A51_10.00kV_0.40nA_42.2nm_400.00ns_082.tif,11,571576,2.945770948861893,2.9624631765030496,1.7366808478862636,0.8708075385102494,0.6864890864659008,0.4395808682810023,0.41910222351065674,0.34876345436521133,0.33889513156470424,146.76377244670874,109.61558450944834,84.5082,304392
A51_10.00kV_0.40nA_42.2nm_50.00ns_083.tif,10,285453,2.6644801112016303,2.631097726180785,2.1750852872188107,0.6280470677413945,0.5765226586419385,0.37838866740032595,0.30731093774669627,0.28685047132909564,0.21060242625226083,167.68863525694246,138.51668526219697,77.09519999999999,187321
A51_10.00kV_50pA_42.2nm_50.00ns_084.tif,7,386766,2.023070954200036,1.5046836490348772,1.15303369622931,0.43787834743578047,0.38317750458823535,0.13885395447244994,0.29179641206855106,0.31636298690544756,0.13691256958297499,165.8203125403991,145.8514198676277,143.8122,237663
A51_15.00kV_0.10nA_22.5nm_500.00ns_069.tif,21,137853,2.7651772342867704,2.78736909084446,2.6040779496068223,0.9415651534606017,0.8874575096484397,0.898112380713227,0.5221451506018638,0.5159326389089206,0.5264539900590965,208.48352230274278,136.58028584890843,80.0604,159175
A51_15.00kV_0.10nA_25.0nm_1.00µs_073.tif,21,190884,4.352466099153782,4.024362829968366,2.9293707910012436,1.0233924422346703,0.973507045791151,0.7659678481665987,0.3967103764118766,0.3349250459211769,0.3540569502594598,234.52659730516964,173.20290498615282,80.0604,171154
A51_15.00kV_0.10nA_25.0nm_500.00ns_072.tif,15,129540,3.1814682913529575,2.9727455867072097,2.600064249716789,0.8864342857983036,0.8161970025360001,0.7229672432507561,0.4050279787183404,0.36089211741518323,0.38515177463767464,231.2913154238073,166.97904132596338,88.95599999999999,126821
A51_15.00kV_0.20nA_22.5nm_500.00ns_070.tif,24,160988,3.4034718144802807,2.981145430386783,2.6206796830379795,1.139564830218479,0.9877655795248326,0.9347018878917166,0.5429180287714478,0.5374461420532589,0.5543975077938998,217.58350311824483,139.97931804555532,83.0256,181801
A51_15.00kV_0.20nA_25.0nm_500.00ns_071.tif,15,70230,3.582445056394057,3.4433227679431417,2.921988089115123,1.0738801086471865,0.9585757722011373,0.878281782129718,0.44016507286195633,0.41464069804643616,0.42974950905116405,216.60697707532393,151.49994855726513,74.13,106915
A51_15.00kV_50pA_25.0nm_1.00µs_074.tif,21,140847,3.671723119007775,3.356288576094503,3.0851658736164307,0.8896572922344397,0.8333792641095222,0.7663669442989384,0.3596018178297363,0.37128861708024147,0.3305016810914548,219.5552123935902,165.01686206828145,71.1648,151227
A51_15.00kV_50pA_28.1nm_1.00µs_075.tif,14,327669,3.701603730993296,3.7137039234172233,3.112069565932652,1.3232632849777688,1.2703966405348162,1.0134265789714245,0.5987275334795639,0.5905179601724548,0.48289613106993,212.24189959990113,143.1266122745473,68.19959999999999,225768
A51_15.00kV_50pA_28.1nm_400.00ns_076.tif,11,428493,2.0162101732922855,2.002749363964494,1.9408854859465927,0.5085927677441056,0.4990083821437144,0.39783834113663946,0.35057664290572127,0.37415440363191943,0.25782643287913476,192.79630705752487,153.27735370741132,99.3342,285199
A51_20.00kV_0.10nA_28.1nm_400.00ns_078.tif,17,272767,2.510006579232041,2.398891655996428,2.2273193430667373,0.5915908117682974,0.611670670296955,0.609736012498995,0.3367538763800705,0.3316384360049671,0.3769425666900655,211.34231413624082,153.48665895375882,94.8864,248069
A51_20.00kV_0.20nA_28.1nm_400.00ns_079.tif,28,519873,2.919575641450575,2.864232603949262,2.3653990014036332,0.8896301995246099,0.8480571308680904,0.6467998464518593,0.4343500415354182,0.4424630155044844,0.3763529410260104,217.43031471147762,157.97569665933898,91.9212,393485
A51_20.00kV_0.40nA_28.1nm_400.00ns_080.tif,30,430941,3.5413607197331034,3.2210902554726015,2.602942408419951,1.076850122845803,0.927475326042551,0.7111683152897782,0.43183841793463884,0.40976696573470306,0.3759266594390037,212.25173283581742,154.26093489503137,81.54299999999999,376684
A51_20.00kV_0.40nA_42.2nm_400.00ns_081.tif,8,221042,3.4373660308685876,2.8832591780196517,2.3917787062196414,1.1826066294847353,0.8121933140080216,0.6961775517780946,0.48135891873927433,0.44371575060076773,0.41057860211352887,216.3091177242334,153.34779458303325,90.4386,229095
A52 - Site 2.tif,1,171855,5.019243734527199,5.019243734527199,5.019243734527199,2.001641439090261,2.001641439090261,2.001641439090261,0.6633218174392829,0.6633218174392829,0.6633218174392829,193.4797998312531,116.32132627376096,38.547599999999996,57605
A52 - Site 3.tif,1,52678,3.240023835913498,3.240023835913498,3.240023835913498,0.7731041634640264,0.7731041634640264,0.7731041634640264,0.3133884625826167,0.3133884625826167,0.3133884625826167,37036.213504688865,28198.97887016502,11430.846,80171
A52 - Site 4.tif,1,45101,2.812067593639956,2.812067593639956,2.812067593639956,0.30266034938334574,0.30266034938334574,0.30266034938334574,0.12061029553849455,0.12061029553849455,0.12061029553849455,125.07514245803863,111.61341543513957,44.477999999999994,60900
A52 - Site 6.tif,1,77488,3.5457678390175564,3.5457678390175564,3.5457678390175564,0.7327165936622916,0.7327165936622916,0.7327165936622916,0.26047040373040975,0.26047040373040975,0.26047040373040975,131.4238849886434,104.2657444372234,37.065,32313
A52 - Site 9.tif,1,18012,3.218299953428902,3.218299953428902,3.218299953428902,0.6752975060944154,0.6752975060944154,0.6752975060944154,0.26555126079488356,0.26555126079488356,0.26555126079488356,31882.83899622474,25192.84677271524,9906.733199999999,49097
A52_10.00kV_0.10nA_28.1nm_500.00ns_044.tif,2,942068,2.420084237235879,2.420084237235879,1.4177507559748246,0.6679463679726276,0.6679463679726276,0.5871939320202072,0.5246780145659847,0.5246780145659847,0.7069882698311215,178.66636803288085,104.6676015198904,126.02099999999999,154748
A52_10.00kV_0.10nA_33.7nm_200.00ns_032.tif,2,130316,3.1614677081730402,3.1614677081730402,2.023372967376375,1.0688571352345273,1.0688571352345273,0.5028910358861078,0.6496494238001077,0.6496494238001077,0.3307444997773523,191.9905767518954,144.2730567593629,94.8864,90223
A52_10.00kV_0.20nA_28.1nm_500.00ns_046.tif,9,2100303,2.6981087083096167,2.232918819437005,2.1496689269260685,0.9392496689081601,1.0370699009506152,1.0497308323297339,0.5370254030532203,0.5917946690936667,0.9543544653737418,175.29045332982906,89.69225205866827,81.54299999999999,430011
A52_10.00kV_0.40nA_33.7nm_200.00ns_033.tif,1,57960,3.966293103317187,3.966293103317187,3.966293103317187,1.054465868868565,1.054465868868565,1.054465868868565,0.36213201673936984,0.36213201673936984,0.36213201673936984,235.21704623878537,172.68300234085933,59.303999999999995,79458
A52_10.00kV_50pA_16.9nm_200.00ns_030.tif,1,64837,3.4072277472754067,3.4072277472754067,3.4072277472754067,2.1865434178751526,2.1865434178751526,2.1865434178751526,1.7912439478929603,1.7912439478929603,1.7912439478929603,111.13422891250366,39.81530492112079,32.6172,21235
A52_10.00kV_50pA_33.7nm_200.00ns_029.tif,3,19083,2.2867320845430323,2.193363955549104,1.7061649074076897,1.0209056544205728,1.0022987835719408,0.6126549752062844,0.8466648178848897,0.8431434752162528,0.560264664339116,106.24152386941256,68.09198868117085,62.2692,21557
A52_15.00kV_0.10nA_16.9nm_1.00µs_026.tif,3,78094,3.0528030949973015,3.0577425981896242,2.973058763172576,0.8613617822066099,0.8077200182840962,0.8245734965326663,0.38994341029792595,0.3589830721775689,0.3837929490341787,123.4199938535611,89.18963919845409,41.5128,75554
A52_15.00kV_50pA_33.7nm_1.00µs_028.tif,1,52232,3.3902867469862077,3.3902867469862077,3.3902867469862077,1.8127631009914482,1.8127631009914482,1.8127631009914482,1.1491194476556588,1.1491194476556588,1.1491194476556588,160.84605222851891,74.84276985743381,47.4432,17185
A52_20.00kV_0.10nA_28.1nm_500.00ns_043.tif,2,360290,3.0219084766244064,3.0219084766244064,1.843164243631528,1.0115099348239842,1.0115099348239842,0.8423394458787712,0.6516165761860204,0.6516165761860204,0.8416452586850982,204.9506480890394,111.28671339612605,111.195,63914
A52_20.00kV_0.20nA_28.1nm_25.00ns_040.tif,3,112950,7976458336.170993,160.98739233266485,22.790961271244427,1051549970.0768512,23.33456775234722,3.5993166154895992,0.17349685202399498,0.16951753676212136,0.18754602223366992,236.52915449313855,199.17472675827122,10.3782,54073
A52_20.00kV_0.20nA_28.1nm_25.00ns_041.tif,2,27845,3.383002427228828,3.383002427228828,2.0059940036980977,0.5878014853494773,0.5878014853494773,0.41567133791061683,0.25202444576125105,0.25202444576125105,0.2613754723041083,214.13424313162147,169.76249168525257,106.74719999999999,25557
A52_20.00kV_0.20nA_28.1nm_500.00ns_042.tif,2,25038,4.000769139078931,4.000769139078931,3.074422160969396,1.000263963601215,1.000263963601215,0.755666246168468,0.3360462165784482,0.3360462165784482,0.3258929675615486,232.46505311925873,175.32716350666416,75.6126,26635
A52_20.00kV_0.40nA_16.9nm_200.00ns_035.tif,1,5060,4.358556216940469,4.358556216940469,4.358556216940469,0.9528812920642258,0.9528812920642258,0.9528812920642258,0.27979220360899976,0.27979220360899976,0.27979220360899976,213.24584980237154,166.62537027356683,48.925799999999995,5739
A52_20.00kV_0.40nA_28.1nm_25.00ns_038.tif,2,92437,2.401234746828032,2.401234746828032,2.4445321715173622,0.3965906657856665,0.3965906657856665,0.4184450781384783,0.19758807155616404,0.19758807155616404,0.20652867267209457,202.9587502839772,168.2170966002987,83.0256,113157
A52_20.00kV_0.40nA_28.1nm_25.00ns_039.tif,2,128054,2.400229403878428,2.400229403878428,2.4054427832492977,0.41200358771664236,0.41200358771664236,0.41749872188712367,0.20698063328208535,0.20698063328208535,0.2100153268780585,203.27963983944272,167.9975743462863,84.5082,164904
A52_20.00kV_0.40nA_33.7nm_200.00ns_034.tif,1,197543,1.9474807552754008,1.9474807552754008,1.9474807552754008,0.7250714574967264,0.7250714574967264,0.7250714574967264,0.5931494948184073,0.5931494948184073,0.5931494948184073,199.22611279569512,125.0517377294038,102.29939999999999,72307
A52_20.00kV_0.40nA_45.0nm_200.00ns_036.tif,1,18592,2.989554961778414,2.989554961778414,2.989554961778414,0.5981717955390966,0.5981717955390966,0.5981717955390966,0.25013632442626504,0.25013632442626504,0.25013632442626504,181.72488166953528,145.3640519968367,60.7866,40464
A52_20.00kV_0.40nA_56.2nm_25.00ns_037.tif,3,46715,2.5644362321571132,2.4523144169170052,2.4682427057112073,0.46303157067371203,0.3793212688416498,0.3896039550273046,0.21880235412640436,0.18693107383711488,0.18743225819094722,197.60849834100395,166.4166498560399,80.0604,109058
A53 - Site 2.tif,1,28997,3.7946884375034746,3.7946884375034746,3.7946884375034746,1.0862135383398286,1.0862135383398286,1.0862135383398286,0.40104249763394045,0.40104249763394045,0.40104249763394045,37592.965927509744,26832.13820493823,9906.733199999999,58037
A53 - Site 3.tif,4,160896,3.6298542908605826,3.7066799251558415,4.232833685733727,-0.0638180129816229,-0.12180574779474007,0.5553166318800342,-0.02366706771942335,-0.029112323580404935,0.15100314254093447,25805.26400283413,22419.803256023584,6096.4511999999995,164188
A53 - Site 6.tif,1,25054,5.346796618290032,5.346796618290032,5.346796618290032,0.5533793726991343,0.5533793726991343,0.5533793726991343,0.11544569236235248,0.11544569236235248,0.11544569236235248,24447.36349485112,21917.125739285424,4572.3384,49372
A55 - Site 1.tif,71,195651,3.4176447789805406,3.367198865237283,3.7836683983992,0.9277193583365049,0.8454732683699463,1.362034431162957,0.3848063212042771,0.3160197569871443,0.562444386486896,129.0223356895697,82.57723398017876,34.099799999999995,440033
A55 - Site 2.tif,81,187378,3.627017691459093,3.4778800656485074,3.843051071624611,1.0716504463512584,0.9248771622393255,1.307189383750766,0.4295489943391467,0.3827547532091314,0.5154813411160994,31912.859812784853,21057.903483837672,8304.042599999999,480562
A55 - Site 4.tif,57,146844,3.68886431279316,3.5453263030096815,3.837325169158021,1.1049963645008158,0.9392137938262086,1.1921473747830482,0.44239055985306647,0.3842089086108342,0.450687049209929,30704.71114243687,21165.634007110435,8001.592199999999,447230
A56 - Site 1.tif,45,610032,3.582004338208687,3.5124529084602414,4.077426395284507,1.273832264895771,1.1770857033667705,1.8206078945859399,0.5562401763642375,0.47284904683818263,0.8067143609561639,38840.36100073439,21497.78727621942,9525.705,892392
A56 - Site 2.tif,37,573470,4.088926364333539,3.8934537176205573,4.253611722814666,1.7749660731436712,1.5616585533195677,1.992555500163241,0.7702877911294838,0.7148701566688351,0.8812498690659328,39068.177365860465,20767.138915602718,9184.707,723720
A56 - Site 4.tif,43,324160,3.6559190021817893,3.5088016979807564,4.072380201846585,1.271963696141422,1.1839436490011988,1.6821400861837534,0.52697425645704,0.5115864530293605,0.703753599966897,38544.746304294174,22623.42765117916,9464.918399999999,666279
A56 - Site 5.tif,32,421972,3.8388429012558727,3.8168073763966084,3.7998981365674958,1.4543331546038185,1.4405841413545302,1.5617089315965242,0.6203295783159749,0.6186499888210086,0.6977555462902734,146.47695344714816,86.2768222199209,38.547599999999996,762847
A60 - Site 2.tif,6,3382,4.256729239241606,4.1733511335635285,4.669855066122745,1.4153607353653943,1.3466352918181603,1.7651587504291992,0.502566833905529,0.5105825050910033,0.6076913241813295,37366.27587226493,23242.195383051254,8001.592199999999,16721
A60 - Site 5.tif,3,1717,3.887240552814415,3.96043378553088,3.9036111152431134,1.1336476481521298,1.2747390764988622,1.2148422788640476,0.42584596177662665,0.4726207542426007,0.45182102024787557,31235.10425160163,21514.431748800696,8001.592199999999,9172
A61 - Site 1.tif,8,16898,3.2292069465257556,3.2551124001344833,3.329635196319827,1.0907106306924554,0.9471294626941427,1.25824509301445,0.5126591215601151,0.4332103644000972,0.6074399462496708,38060.54716534501,23677.741276828572,11430.846,40209
A61 - Site 2.tif,4,4131,3.4873500600130205,3.2231321414074077,3.084278281381343,1.1170623483962776,0.9950572437917082,0.9260092089637041,0.44141871478792355,0.4404681624347993,0.42905179006524724,29064.40522875817,20338.24486334877,9423.4056,15331
A61 - Site 3.tif,10,15206,3.1753300424554722,2.7757745321051948,2.7623373501839157,1.1750969786993426,0.5579713190377396,0.8591121568199236,0.578844964819438,0.302476084188396,0.4513980583143994,33680.90970669473,23205.839027927315,12192.902399999999,45511
A61 - Site 4.tif,4,3052,3.329753060665151,3.4633415433195216,3.0911110607373575,1.0607630765800644,1.0448309967844587,0.9359115004424742,0.4685417553796327,0.48543993270916413,0.43425746630808565,25927.650720838796,18077.403346258798,8387.8095,13926
A74 - Site 14.tif,7,28845,3.8999870413016846,3.990153741779375,4.0063090592867105,1.5698097004043725,1.537957793502138,1.6053285685003715,0.6806222447098264,0.6425940264289872,0.6686137495328378,51120.49117698041,30636.503619418178,12759.9969,44206
A74 - Site 15.tif,5,25281,3.8651063123896576,3.885365552327336,3.8920937186201994,1.5470809956933214,1.37199728297852,1.5095128119618013,0.694052879837803,0.6200057322686816,0.6335620367571814,46108.52620545073,28225.757680421742,11846.7153,44008
A74 - Site 7.tif,9,70697,3.8475745518241755,3.6421406648132355,3.8571439629225956,1.411848833309345,1.4061402605571403,1.4452488759808289,0.5902185949367645,0.7084390838865146,0.599217140001266,48285.012942557674,30192.906100614615,12518.3331,105432
A74 - Site 8.tif,6,29583,3.972566070179344,3.958600353757056,4.462912837903829,1.5656873566797467,1.4513955668027259,1.9572224397180042,0.6511994274106448,0.6451719666763011,0.7811110427427168,52715.36500692966,29596.89976754393,11811.8742,61517
A75 - Site 12.tif,11,69170,3.9457278059820227,3.739693332996828,4.026727795159957,1.7349503974871292,1.6739929685335846,1.877098429629397,0.7777590848153043,0.6689692826509388,0.8732195697212028,47563.20215411305,25391.151642294288,11811.8742,105584
A75 - Site 16.tif,8,28402,3.753814811304796,3.8669896636142154,4.0993713502339375,1.5617019853822116,1.6757228232270442,1.8244543092585266,0.7143333451052059,0.7892172319055644,0.801987183003157,42173.354341243576,23403.8037223718,10287.7614,63884
A75 - Site 2.tif,4,29039,3.4280454066210875,3.4901445462654035,3.296958341408447,1.1176672117016726,1.0024768852490682,1.1277874493643165,0.48964690394167865,0.48755023017974575,0.5199163668940346,38943.2571713902,25621.973695148743,11811.8742,50523
A75 - Site 3.tif,7,30185,3.4416872762717885,3.1442289910529704,3.46809335227347,1.4678129179544415,1.3034562268376113,1.229233281000904,0.8025084407109766,0.6771926876973929,0.5490442644330984,44929.00649329137,29004.33998232354,12954.958799999999,65624
A75 - Site 7.tif,7,25043,3.582961814529015,3.377731450355097,3.9110605720686094,1.1967996015266245,1.1254818900915837,1.5372937274738003,0.5034731077981254,0.5967970380544908,0.6476178277465385,45631.59797148904,27695.499042938438,11667.3207,77320
A77 - Site 12.tif,1,34705,4.369012935317939,4.369012935317939,4.369012935317939,1.2005070343823911,1.2005070343823911,1.2005070343823911,0.37888742257907637,0.37888742257907637,0.37888742257907637,110.11747586803054,79.8596564600448,25.2042,33475
A77 - Site 18.tif,1,66808,6.709971088098845,6.709971088098845,6.709971088098845,1.3669273599597969,1.3669273599597969,1.3669273599597969,0.2558330849079837,0.2558330849079837,0.2558330849079837,89.53382828403784,71.29436973548101,13.343399999999999,40602
A77 - Site 4.tif,10,52692,3.53871374494089,3.3495088892464806,3.5734832941207446,1.2969908911683812,1.0109598695299553,1.3026337735253135,0.597228460602541,0.4183560573074673,0.5736328020463141,32683.647821301147,20769.551688802105,9146.159399999999,123934
A77 - Site 5.tif,10,53289,3.364809220423923,3.454414868901128,3.212934793628333,1.1737318974092998,1.2924826821093514,1.3697722004716417,0.54950724073185,0.5291719193495596,0.7431640624417686,39139.27412786879,22453.006559254274,12181.7829,99554
A77 - Site 6 zoom v2.tif,2,12517,4.368681252034224,4.368681252034224,3.212250791234409,1.6269439460635113,1.6269439460635113,0.7937503920910244,0.5570679111131308,0.5570679111131308,0.32819940504118067,34270.82783414556,25802.471906000977,10668.7896,24596
A77 - Site 6.tif,10,25685,4.123386761079719,4.1638318666642675,4.1017519873668435,1.5817957330885946,1.609762672374798,1.964856063799148,0.6402952816880352,0.60239983705241,0.9194907632739325,40440.36235156706,21068.276610293113,9859.289999999999,43874
A77 - Site 7.tif,12,51719,3.4810860537835233,3.5917698823153366,3.734639122290946,1.22547395675187,1.2589943146427833,1.7031956008659277,0.5567850248911536,0.5797688387611293,0.8384164181293179,41433.191128985476,22537.435327703104,11094.2958,84070
A78 - Site 3.tif,1,77388,4.1618969201419285,4.1618969201419285,4.1618969201419285,1.4857470275707962,1.4857470275707962,1.4857470275707962,0.5551807959473686,0.5551807959473686,0.5551807959473686,166.60156613428438,107.12681545636242,40.0302,60040
A78 - Site 5.tif,2,29100,4.487949309680705,4.487949309680705,3.200016976273632,2.026396573040182,2.026396573040182,1.0512803955719907,0.7701985699025419,0.7701985699025419,0.489255130164463,170.7964261168385,114.68580678522449,53.373599999999996,44479
A78 - Site 8.tif,1,47441,3.370575594224459,3.370575594224459,3.370575594224459,0.3251484183972459,0.3251484183972459,0.3251484183972459,0.10676611180860897,0.10676611180860897,0.10676611180860897,94.94709217765224,85.78785631720137,28.1694,45851
A82 - Site 1.tif,22,126998,3.6183599927402885,3.5821340768705623,3.9992877898803703,1.2896211308169043,1.1321482320242358,1.7408958338000975,0.5691596014615534,0.4800936598939471,0.7708563737629457,47250.94295185751,26682.53826336286,11814.839399999999,233670
A82 - Site 2.tif,13,146379,3.6504000986729235,3.5833218006201975,3.9343944676263827,1.2812202156764347,1.1240715150670153,1.933049591529112,0.5601981464764035,0.48882081759003326,0.9658753044592149,49284.142725390935,25069.821373507035,12526.4874,238033
A82 - Site 3.tif,19,159596,3.579673300403019,3.493954033013231,3.7386538013045767,1.302474566843939,1.3571556452211013,1.653961799958111,0.5768662458574318,0.5722646350017103,0.793384249994347,46976.31586631244,26194.227961159235,12565.035,267142
A82 - Site 4.tif,16,46615,3.5592401455679217,3.633204999185762,3.9308526265209367,1.21116124583332,1.2114803776924465,1.6345761166575379,0.5350720308660875,0.5093233599224589,0.711837668345163,46057.75226858308,26905.443851518983,11716.987799999999,106815
A82 - Site 5.tif,12,96677,3.250637988310194,3.324075529748145,3.5060500552579605,1.0203623668612216,1.0189030214988406,1.4216032653051254,0.4636913013318225,0.4489459507593369,0.6820050634810501,50764.349783299025,30180.854318138103,14479.0716,155970
A85 - Site 2.tif,1,31705,4.2600845181997675,4.2600845181997675,4.2600845181997675,1.621922852148342,1.621922852148342,1.621922852148342,0.6147928207050787,0.6147928207050787,0.6147928207050787,45449.94540293329,28145.991745914504,10668.7896,54155
A86 - Site 2.tif,2,15409,3.7370122834575064,3.7370122834575064,3.597150080099219,1.1864148456956147,1.1864148456956147,1.0617268884752884,0.46466847713590015,0.46466847713590015,0.41875726781331624,45230.315464987994,31880.23525313516,12573.9306,34448
A89 - Site 2.tif,5,12759,3.338577648765452,3.101530479369085,3.3498902189825377,1.1220081425601969,0.9422216599016783,1.177429670413896,0.5006764729390114,0.4248652069906402,0.5419797709050533,45714.58405831178,29646.682090696,13646.591699999999,44368
A89 - Site 3.tif,20,65184,3.7458648791975593,3.8914931952262264,3.771343310699012,1.3239869601193628,1.2401503621975696,1.6164057424902318,0.5585599119477613,0.5035417305389291,0.750094000954869,195.69877577319588,111.8218653734712,51.891,131148
A89 - Site 4.tif,8,26213,3.7770550514301373,3.629417711546432,3.5951847585583394,1.5275046945097663,1.212327305232081,1.4384640789120793,0.675287613342635,0.5648365795903905,0.6669681857116646,197.2181741883798,118.30950096837837,54.856199999999994,55247
A89 - Site 5.tif,15,53641,3.953506786937172,4.330309918316041,3.8808943306110155,1.2973630759836154,1.469340405751904,1.4002615785225359,0.49625219133043347,0.509602805815728,0.5644775822687677,172.61441807572567,110.33358357219771,44.477999999999994,131874
A91 - Site 1.tif,1,3857,5.1799949878923055,5.1799949878923055,5.1799949878923055,2.434720553111626,2.434720553111626,2.434720553111626,0.8868769264172253,0.8868769264172253,0.8868769264172253,207.3562354161265,109.8938847066103,40.0302,9697
A91 - Site 11.tif,3,30168,4.356430672928613,4.452208460509866,4.3152726960671615,2.129743398375807,2.112326175858188,2.123556484022388,0.9615906155228234,0.9375318712542002,0.9689012072522688,191.9346990188279,97.48315370124456,44.477999999999994,32381
A91 - Site 7.tif,5,25057,3.930217243156259,4.124215389258058,4.050784613570769,1.470180328615243,1.4428005787038451,1.6513274289813118,0.5987964569678836,0.5591190259154434,0.6882087496463463,192.18218461906852,113.83792712390908,47.4432,40562
A94 - Site 12.tif,1,54877,3.1851106931789688,3.1851106931789688,3.1851106931789688,0.7631265302521764,0.7631265302521764,0.7631265302521764,0.3150832040377333,0.3150832040377333,0.3150832040377333,146.38959855677243,111.31584534283299,45.9606,55581
A94 - Site 14.tif,1,49433,3.46251542991978,3.46251542991978,3.46251542991978,0.8280653192311532,0.8280653192311532,0.8280653192311532,0.3143218828804847,0.3143218828804847,0.3143218828804847,128.3381344446018,97.64589337901845,37.065,49615
A94 - Site 17.tif,8,45943,3.606144599802697,3.9218662343497845,3.050929969836702,1.2208396027781259,1.4248011890488912,1.0525313283564417,0.5338374944370086,0.5394144981108681,0.5266873717962487,217.1188211479442,142.2156396611984,71.1648,63518
A94 - Site 23.tif,1,20451,3.298135498125674,3.298135498125674,3.298135498125674,0.7254150917652837,0.7254150917652837,0.7254150917652837,0.28196421574077823,0.28196421574077823,0.28196421574077823,141.80465502909394,110.61514298535471,42.9954,24513
A94 - Site 4.tif,1,97596,3.757959230544676,3.757959230544676,3.757959230544676,0.8247676157587472,0.8247676157587472,0.8247676157587472,0.2811843629809208,0.2811843629809208,0.2811843629809208,195.00426246977335,152.20624611218852,51.891,54658
A94 - Site 5.tif,1,61747,3.1391235004754994,3.1391235004754994,3.1391235004754994,0.7742505309071136,0.7742505309071136,0.7742505309071136,0.32739624530547917,0.32739624530547917,0.32739624530547917,223.39509611803004,168.29571192838898,71.1648,44239
A94 - Site 9.tif,1,27030,3.9931886650725446,3.9931886650725446,3.9931886650725446,1.025465915704145,1.025465915704145,1.025465915704145,0.34553966195321195,0.34553966195321195,0.34553966195321195,118.40603033666297,87.998914993949,29.651999999999997,47926
A97 - Site 3.tif,1,17598,6.432470450888715,6.432470450888715,6.432470450888715,1.1416025514555346,1.1416025514555346,1.1416025514555346,0.21576848506854873,0.21576848506854873,0.21576848506854873,143.05171042163883,117.66361126840317,22.238999999999997,28256
C39 - Site 4.tif,2,22881,5.371878461770254,5.371878461770254,4.379665030490591,1.5996976018818527,1.5996976018818527,0.9891800114273066,0.4041949435769291,0.4041949435769291,0.2917517717183148,97.39937065687688,75.40099637285321,22.238999999999997,45766
SEMS R15B Sample 2_10.00kV_0.10nA_16.9nm_500.00ns_005.tif,4,350126,4.3811644006863215,4.23691354596153,5.566382676812877,1.0273284400017757,0.6832796289326166,2.164835005668349,0.30620442015996446,0.19795228299091194,0.6364264784074906,189.81253605844753,115.99209531050963,34.099799999999995,202538
SEMS R15B Sample 2_10.00kV_0.10nA_33.7nm_1.00µs_002.tif,6,9635,5.385035402402722,5.183531580034317,5.014963052807972,1.3372000023491537,1.1672940073727744,1.3704770467282226,0.3454311502052441,0.2587094388774641,0.376041242670792,178.44442138038403,129.67955889917695,35.5824,31104
SEMS R15B Sample 2_10.00kV_0.10nA_33.7nm_1.00µs_003.tif,14,58689,5.0202976873514675,4.808952514071976,5.393735479675077,0.9730140845694683,0.8774056201173275,1.7858078919329676,0.263178690845726,0.25155392118854714,0.4949677753664114,183.92530116376153,123.02960919256765,34.099799999999995,129757
SEMS R15B Sample 2_10.00kV_0.10nA_33.7nm_500.00ns_004.tif,5,46144,4.539378921463884,4.457557118434164,4.349329312692022,1.1906787890887425,1.1523211727711637,1.173909389773962,0.35757905969075654,0.3815956480065852,0.3696863464279368,167.65620665742026,122.40481705243039,38.547599999999996,123478
SEMS R15B Sample 2_20.00kV_0.10nA_15.0nm_500.00ns_018.tif,1,81784,3.1851533991839176,3.1851533991839176,3.1851533991839176,0.5903709477225899,0.5903709477225899,0.5903709477225899,0.22752232940389663,0.22752232940389663,0.22752232940389663,103.8907854837132,84.63453820175224,32.6172,81724
SEMS R15B Sample 2_20.00kV_0.10nA_15.0nm_500.00ns_019.tif,2,90427,3.2780042398662452,3.2780042398662452,3.2065497254442716,0.5958504490277623,0.5958504490277623,0.6655843789960146,0.22563545414363403,0.22563545414363403,0.26194154117294666,104.5886737368264,82.87917492358174,32.6172,124643
SEMS R15B Sample 2_20.00kV_0.10nA_15.0nm_500.00ns_020.tif,3,13614,3.3424850537003867,3.241158159232766,3.097252467761881,0.7731824034016418,0.7395989600437405,0.7035520963980774,0.30631443565534683,0.2716576325976021,0.29391819658324125,105.6156897311591,81.62470394736842,34.099799999999995,30400
SEMS R15B Sample 2_20.00kV_0.10nA_15.0nm_500.00ns_021.tif,3,1934245,3.6150957713608722,3.7309069844170812,4.173910424568358,0.9076864660768585,0.8546200225809801,1.5731931165618447,0.3379598756887423,0.29712613304063157,0.6049073890242471,136.14127114197012,84.8281166047172,32.6172,634657
SEMS R15B Sample 2_20.00kV_0.10nA_33.7nm_100.00ns_015.tif,3,40628,2.044962848377525,1.9720889836758244,1.9167847115980359,0.5605297643707492,0.4847824227809156,0.43614475396358865,0.37628800444783983,0.32594653682194613,0.29456503024895303,102.30570050211676,79.02708485760432,53.373599999999996,72439
SEMS R15B Sample 2_20.00kV_0.10nA_33.7nm_500.00ns_017.tif,4,17754,3.085848929168746,3.062927284488082,3.024496560852878,0.6339346480329643,0.6572444213287548,0.5777774033766526,0.2593094107326177,0.26596331386771,0.23614373621297055,107.61884645713641,87.06013977344924,35.5824,64533
SEMS R15B Sample 2_20.00kV_0.10nA_45.0nm_2.00µs_009.tif,11,34503,5.019206787584614,5.117913194597422,4.922061762777696,1.0655105095123922,0.8801497617740481,1.0162449959382744,0.26921234759895385,0.2814187061779952,0.26018757573487855,116.75918036112802,92.6522230553162,23.7216,89359
a_E200175-12116-L_11.tif,4,84709,5.162550362677857,5.030712817827045,5.468075700108071,2.2772210148855727,2.3688740930591665,2.613491322171498,0.8114647645930645,0.8246967583905123,0.915541800804516,202.6742258791864,105.8051699967649,37.065,64913
a_E200175-12116-L_13.tif,1,4302,6.477653825606772,6.477653825606772,6.477653825606772,3.380339986094284,3.380339986094284,3.380339986094284,1.0913779361537432,1.0913779361537432,1.0913779361537432,230.49046954904696,110.2098599940423,35.5824,6714
a_E200175-12116-L_14.tif,3,71557,6.351483087946193,5.812269517162305,4.941182216372579,3.0723352274760996,2.9789304569227597,2.7708878933823975,0.9962461383834899,1.0279881448332777,1.2767336963004734,190.47071565325544,83.65963746659926,38.547599999999996,41541
a_E200175-12116-L_15.tif,1,9864,10.280096640535287,10.280096640535287,10.280096640535287,5.818559683642213,5.818559683642213,5.818559683642213,1.3041603687206702,1.3041603687206702,1.3041603687206702,152.41271289537713,66.14674696751209,14.825999999999999,11789
a_E200175-12116-L_18.tif,5,66589,5.180389007069701,4.864566151735018,4.330466549038696,3.2436909355985817,2.9317127941945453,2.562003300557395,1.755919657428547,1.9053456474896013,1.448717298677491,154.08839297781915,62.92616671044567,35.5824,45684
a_E200175-12116-L_19.tif,1,2443,6.401833620992786,6.401833620992786,6.401833620992786,3.705958058547348,3.705958058547348,3.705958058547348,1.3746769730983228,1.3746769730983228,1.3746769730983228,170.8444535407286,71.94429198682766,26.686799999999998,3644
a_E200175-12116-L_2.tif,2,50867,5.164944468756945,5.164944468756945,5.179932432246686,2.5052900930575293,2.5052900930575293,2.42988462664185,0.9825127408072811,0.9825127408072811,0.8835790495993157,215.03349912516956,114.16218457201293,41.5128,36181
a_E200175-12116-L_21.tif,4,39825,5.515015258158564,5.605491524187302,5.302107076412008,2.751342295454774,2.818654264771104,2.5499966004135057,0.9806626543925847,1.0186691058946307,0.9265604060090413,125.77446327683616,65.28446389496717,23.7216,41587
a_E200175-12116-L_22.tif,19,115056,4.554972453630962,4.604198530397261,3.5935852157368657,2.1635050562887295,2.39728204168301,1.9806040734906167,1.0305868232108968,1.066603706134903,1.22791520696637,117.21268773466834,52.610928529004156,32.6172,126275
a_E200175-12116-L_23.tif,16,60249,4.662777271809474,3.773007972648216,2.666455181992249,2.3729843708930813,1.755020979283913,1.3151847017831326,1.0617038453498915,0.8877342124884149,0.9732949256291461,106.73873425285068,54.09162759037967,40.0302,79332
a_E200175-12116-L_24.tif,8,148812,6.097399818822444,5.4646599027636515,4.092956353146511,2.6020453671900268,2.392365866084175,1.95304975268555,0.7867949426660972,0.7434439042232236,0.9126799048132241,139.56899309195495,72.97038711579775,34.099799999999995,71219
a_E200175-12116-L_25.tif,12,152244,4.427278860264779,3.8817124366972426,3.8434209874574887,1.6945209238814165,1.4886657069208837,1.4459393738717912,0.5651609184974715,0.5885675517793951,0.6031075965360643,142.45639893854602,88.86265603152869,37.065,138033
a_E200175-12116-L_26.tif,8,96097,5.348780131428975,4.86855016208777,3.8371864013831996,1.9984245163300396,1.7558240451282958,1.5278018312590902,0.603950938370028,0.6378234885586314,0.6615623274033122,142.22531400564014,85.59733911474395,37.065,74261
a_E200175-12116-L_3.tif,1,55809,3.983653173755961,3.983653173755961,3.983653173755961,2.3266894145087296,2.3266894145087296,2.3266894145087296,1.4041884750015272,1.4041884750015272,1.4041884750015272,200.80958268379652,83.52489197820778,50.4084,21292
a_E200175-12116-L_4.tif,1,15121,6.710802945858915,6.710802945858915,6.710802945858915,4.515214720068465,4.515214720068465,4.515214720068465,2.0564943218268494,2.0564943218268494,2.0564943218268494,208.938165465247,68.35876119665124,31.1346,17081
a_E200175-12116-L_6.tif,2,18091,5.017633863979101,5.017633863979101,4.120172192353402,2.7286958673771053,2.7286958673771053,2.1640252253375407,1.183672719807653,1.183672719807653,1.106269243365027,201.5827206898458,95.70605529838609,48.925799999999995,15986
a_E200175-12116-L_7.tif,2,4488,5.779724029136887,5.779724029136887,4.590420308349839,1.3649374875495977,1.3649374875495977,1.0502447551994445,0.3184166957452742,0.3184166957452742,0.29666459737273465,142.9209001782531,110.22194981251803,31.1346,13868
a_E200175-12116-L_8.tif,2,16060,4.8997902893829615,4.8997902893829615,3.3542203647785644,2.253352418120913,2.253352418120913,1.4256624183489819,0.841097142736592,0.841097142736592,0.7392375327916376,134.2701120797011,77.20056032645107,40.0302,16419
b_E200175-12116-L_1.tif,10,27031,6.047466659547593,6.135025202290731,4.310558420050391,3.249158615583056,3.046436123810591,2.457343335337328,1.1952675309543384,1.1510808959708934,1.3259892794619053,121.42584440087307,52.20395702584831,28.1694,47005
b_E200175-12116-L_10.tif,6,168779,4.985586968596234,4.89722735443708,3.2622730520256313,2.4205836845787414,2.2187568379397304,1.372376991546894,0.9421123261415025,0.9238191728364883,0.7261653273161143,120.91615070595276,70.04899750054336,37.065,73616
b_E200175-12116-L_11.tif,4,95447,3.9052893845927716,3.3025043899525515,2.8514870129649426,1.5270738413808027,1.5348554866310709,1.256404434018659,0.7188412413465877,0.5240035722971066,0.7876735978804653,156.42174190912235,87.50016898314394,54.856199999999994,47342
b_E200175-12116-L_12.tif,7,16334,3.9615522162531005,3.207365923965279,2.915909483080869,1.6029254241630457,1.438716066764278,1.1079834902138563,0.6999125897970997,0.8302734037864433,0.6128478125942077,116.72443981878291,72.37163909774436,40.0302,33250
b_E200175-12116-L_13.tif,19,87143,4.844583297166696,4.600580499044256,4.1810707894550285,2.1691494377605793,2.2513706151186543,1.9132717259800163,0.8287564821252961,0.761075609234943,0.8436689813253759,142.57367774806926,77.33149452736319,34.099799999999995,125625
b_E200175-12116-L_14.tif,8,18147,3.8586243154670488,4.1776976583173235,3.8695037178044256,1.73646984918375,1.8716514695096893,1.636547900488108,0.8336276792796264,0.8532838172619543,0.7329065302510404,131.94930291508237,76.14334680165251,34.099799999999995,44054
b_E200175-12116-L_15.tif,12,259204,5.470847694006868,5.68818216887877,4.603804901044724,2.7326837061000098,2.7406974020402552,2.7228355562892785,1.1081132234055155,0.936284842387044,1.4475704048503453,170.64002870326075,69.7181287821703,37.065,128729
b_E200175-12116-L_16.tif,17,105016,5.098108006965021,5.084359078625391,4.475762993869972,2.719064492111414,2.1048987537798123,2.6388588307376786,1.1319218268664102,0.8620436285517508,1.4365794815523514,159.25838919783652,65.36145871260756,35.5824,104366
b_E200175-12116-L_17.tif,11,197022,4.295914626746999,4.701998648432123,4.1659207576473705,2.333471222160676,2.629162343626569,2.3087434576838457,1.1567928252380064,1.2121874382231694,1.2431464983793568,142.057064693283,63.329374511867975,34.099799999999995,117796
b_E200175-12116-L_18.tif,9,46578,6.090720697355093,6.648551765577314,5.466778882430301,2.8264119239670533,3.1254918170678354,2.9468370252597014,0.9741028471619833,0.9094833338502578,1.1694067529693106,162.10092747649105,74.72131597402202,29.651999999999997,65594
b_E200175-12116-L_19.tif,8,20407,5.226784688646367,5.4089564906921686,4.458813850645344,2.64046168968959,2.5023730517953093,2.355955445389942,1.1449732249108537,1.3061717691429267,1.1203585743491762,118.9914735139903,56.118561710398446,26.686799999999998,44247
b_E200175-12116-L_2.tif,18,81835,4.807980393965735,4.2316158662518575,3.2126778166813135,1.6001716577793157,1.380137477339794,0.9017920681835736,0.5362128842671827,0.47083206018470247,0.39023654399849533,109.55167104539622,78.80074186973208,34.099799999999995,108914
b_E200175-12116-L_20.tif,5,110508,5.327816182787167,5.1643338544340125,4.054893989410915,2.973557343461171,3.316405849370595,2.2003203333430967,1.3288725005397197,1.2400053409075278,1.1864291966851763,126.24750244326202,57.74140897075483,31.1346,71499
b_E200175-12116-L_21.tif,9,56206,7.043678532067247,6.592594252177202,5.905160236697769,2.8872773787826747,2.855513753063683,2.405122009923623,0.740979790432808,0.7497016360341847,0.687170211814427,148.83483969682953,88.21566351026134,25.2042,82689
b_E200175-12116-L_22.tif,9,106104,4.724882699451198,4.855967571477373,3.724326629717601,2.0084544266988833,2.391097853311718,1.1732439788084366,0.788952636813849,0.7538971891430979,0.45990041846000645,132.52047990650684,90.77364334322108,35.5824,91696
b_E200175-12116-L_23.tif,5,70575,5.83800285504483,5.497051016281764,5.396304534270252,2.351208219118985,2.3928321245267066,2.107547295220731,0.6892936684138805,0.6830863098728073,0.6408339508858708,160.01122210414454,97.51822968518395,29.651999999999997,90402
b_E200175-12116-L_24.tif,6,204060,5.106499467950678,5.007898782561272,4.912609655410903,2.459066627925631,2.284121112459046,1.9384930082410572,0.9551145605894492,0.9682498769093788,0.651787820721952,152.9521366264824,92.59793219271545,31.1346,171486
b_E200175-12116-L_25.tif,4,140773,4.406945096360033,4.268384434003364,4.048981871767244,1.5443167946184366,1.4694259672994245,1.1096299158898102,0.6239749392505562,0.4455744891032649,0.3775083530112602,144.07249259446058,104.5891970642067,35.5824,163363
b_E200175-12116-L_26.tif,3,3392,4.695426077858942,4.726821447848597,4.852904112194912,1.8576774895762103,1.2214565237278652,2.2096794778361732,0.6803591250334886,0.6575077877223089,0.835978693939263,187.0678066037736,101.88996594183914,38.547599999999996,11451
b_E200175-12116-L_27.tif,3,13691,4.473136257945257,4.256339970910843,4.042899119528977,2.1689241944120323,1.7849184950951291,1.6647756278415802,0.9394465870665772,0.7222234298520762,0.7000375016180239,155.8440581403842,91.67095313195034,38.547599999999996,24729
b_E200175-12116-L_3.tif,14,73979,5.913298385929878,5.542889051908125,3.8790611291922863,2.2473318538561697,1.6683523887232903,1.8340195922979006,0.765669484126726,0.7157803888136013,0.8968128807941071,138.02630476216223,72.76748600284121,35.5824,83767
b_E200175-12116-L_4.tif,10,65704,6.1298202810995,5.810357038102863,4.487971266805556,3.1630762390442833,3.30282251122725,2.3456574179407803,1.129228318062088,1.2647379201702553,1.0949177305286935,106.46185924753439,50.8191122186538,23.7216,75041
b_E200175-12116-L_5.tif,4,37638,4.489527170524647,4.218951761906888,3.05404392014065,1.5195776995767911,1.4959579363595474,1.051123749336973,0.5192559770309828,0.5043945781345462,0.5247956281792016,149.42154205855783,97.99447171273573,48.925799999999995,38710
b_E200175-12116-L_6.tif,12,244693,4.031583859219745,3.9752334155931,3.9307089094353587,1.796681867870025,1.5490947534871657,1.8676681525571661,0.9172983279612142,0.9239859842506704,0.9052987179496067,128.20871868014206,67.29061299587778,32.6172,142399
b_E200175-12116-L_7.tif,8,199038,5.0149301551885745,4.426784099221763,3.658825322981485,2.5482863384190355,2.2947020694115032,1.9453047048550332,1.079345575167665,1.0727453940447604,1.1352677545826146,146.4635094806017,68.59257306486069,40.0302,110005
